driverId,nationality,url,name
1,British,http://en.wikipedia.org/wiki/Lewis_Hamilton,Lewis Hamilton
2,German,http://en.wikipedia.org/wiki/Nick_Heidfeld,Nick Heidfeld
3,German,http://en.wikipedia.org/wiki/Nico_Rosberg,Nico Rosberg
4,Spanish,http://en.wikipedia.org/wiki/Fernando_Alonso,Fernando Alonso
5,Finnish,http://en.wikipedia.org/wiki/Heikki_Kovalainen,Heikki Kovalainen
6,Japanese,http://en.wikipedia.org/wiki/Kazuki_Nakajima,Kazuki Nakajima
7,French,http://en.wikipedia.org/wiki/S%C3%A9bastien_Bourdais,Sébastien Bourdais
8,Finnish,http://en.wikipedia.org/wiki/Kimi_R%C3%A4ikk%C3%B6nen,Kimi Räikkönen
9,Polish,http://en.wikipedia.org/wiki/Robert_Kubica,Robert Kubica
10,German,http://en.wikipedia.org/wiki/Timo_Glock,Timo Glock
11,Japanese,http://en.wikipedia.org/wiki/Takuma_Sato,Takuma Sato
12,Brazilian,"http://en.wikipedia.org/wiki/Nelson_Piquet,_Jr.",Nelson Piquet Jr.
13,Brazilian,http://en.wikipedia.org/wiki/Felipe_Massa,Felipe Massa
14,British,http://en.wikipedia.org/wiki/David_Coulthard,David Coulthard
15,Italian,http://en.wikipedia.org/wiki/Jarno_Trulli,Jarno Trulli
16,German,http://en.wikipedia.org/wiki/Adrian_Sutil,Adrian Sutil
17,Australian,http://en.wikipedia.org/wiki/Mark_Webber_(racing_driver),Mark Webber
18,British,http://en.wikipedia.org/wiki/Jenson_Button,Jenson Button
19,British,http://en.wikipedia.org/wiki/Anthony_Davidson,Anthony Davidson
20,German,http://en.wikipedia.org/wiki/Sebastian_Vettel,Sebastian Vettel
21,Italian,http://en.wikipedia.org/wiki/Giancarlo_Fisichella,Giancarlo Fisichella
22,Brazilian,http://en.wikipedia.org/wiki/Rubens_Barrichello,Rubens Barrichello
23,German,http://en.wikipedia.org/wiki/Ralf_Schumacher,Ralf Schumacher
24,Italian,http://en.wikipedia.org/wiki/Vitantonio_Liuzzi,Vitantonio Liuzzi
25,Austrian,http://en.wikipedia.org/wiki/Alexander_Wurz,Alexander Wurz
26,American,http://en.wikipedia.org/wiki/Scott_Speed,Scott Speed
27,Dutch,http://en.wikipedia.org/wiki/Christijan_Albers,Christijan Albers
28,German,http://en.wikipedia.org/wiki/Markus_Winkelhock,Markus Winkelhock
29,Japanese,http://en.wikipedia.org/wiki/Sakon_Yamamoto,Sakon Yamamoto
30,German,http://en.wikipedia.org/wiki/Michael_Schumacher,Michael Schumacher
31,Colombian,http://en.wikipedia.org/wiki/Juan_Pablo_Montoya,Juan Pablo Montoya
32,Austrian,http://en.wikipedia.org/wiki/Christian_Klien,Christian Klien
33,Portuguese,http://en.wikipedia.org/wiki/Tiago_Monteiro,Tiago Monteiro
34,Japanese,http://en.wikipedia.org/wiki/Yuji_Ide,Yuji Ide
35,Canadian,http://en.wikipedia.org/wiki/Jacques_Villeneuve,Jacques Villeneuve
36,French,http://en.wikipedia.org/wiki/Franck_Montagny,Franck Montagny
37,Spanish,http://en.wikipedia.org/wiki/Pedro_de_la_Rosa,Pedro de la Rosa
38,Dutch,http://en.wikipedia.org/wiki/Robert_Doornbos,Robert Doornbos
39,Indian,http://en.wikipedia.org/wiki/Narain_Karthikeyan,Narain Karthikeyan
40,Austrian,http://en.wikipedia.org/wiki/Patrick_Friesacher,Patrick Friesacher
41,Brazilian,http://en.wikipedia.org/wiki/Ricardo_Zonta,Ricardo Zonta
42,Brazilian,http://en.wikipedia.org/wiki/Ant%C3%B4nio_Pizzonia,Antônio Pizzonia
43,Brazilian,http://en.wikipedia.org/wiki/Cristiano_da_Matta,Cristiano da Matta
44,French,http://en.wikipedia.org/wiki/Olivier_Panis,Olivier Panis
45,Italian,http://en.wikipedia.org/wiki/Giorgio_Pantano,Giorgio Pantano
46,Italian,http://en.wikipedia.org/wiki/Gianmaria_Bruni,Gianmaria Bruni
47,Hungarian,http://en.wikipedia.org/wiki/Zsolt_Baumgartner,Zsolt Baumgartner
48,Spanish,http://en.wikipedia.org/wiki/Marc_Gen%C3%A9,Marc Gené
49,German,http://en.wikipedia.org/wiki/Heinz-Harald_Frentzen,Heinz-Harald Frentzen
50,Dutch,http://en.wikipedia.org/wiki/Jos_Verstappen,Jos Verstappen
51,British,http://en.wikipedia.org/wiki/Justin_Wilson_(racing_driver),Justin Wilson
52,Irish,http://en.wikipedia.org/wiki/Ralph_Firman,Ralph Firman
53,Danish,http://en.wikipedia.org/wiki/Nicolas_Kiesa,Nicolas Kiesa
54,Brazilian,http://en.wikipedia.org/wiki/Luciano_Burti,Luciano Burti
55,French,http://en.wikipedia.org/wiki/Jean_Alesi,Jean Alesi
56,British,http://en.wikipedia.org/wiki/Eddie_Irvine,Eddie Irvine
57,Finnish,http://en.wikipedia.org/wiki/Mika_H%C3%A4kkinen,Mika Häkkinen
58,Brazilian,http://en.wikipedia.org/wiki/Tarso_Marques,Tarso Marques
59,Brazilian,http://en.wikipedia.org/wiki/Enrique_Bernoldi,Enrique Bernoldi
60,Argentine,http://en.wikipedia.org/wiki/Gast%C3%B3n_Mazzacane,Gastón Mazzacane
61,Czech,http://en.wikipedia.org/wiki/Tom%C3%A1%C5%A1_Enge,Tomáš Enge
62,Malaysian,http://en.wikipedia.org/wiki/Alex_Yoong,Alex Yoong
63,Finnish,http://en.wikipedia.org/wiki/Mika_Salo,Mika Salo
64,Brazilian,http://en.wikipedia.org/wiki/Pedro_Diniz,Pedro Diniz
65,British,http://en.wikipedia.org/wiki/Johnny_Herbert,Johnny Herbert
66,British,http://en.wikipedia.org/wiki/Allan_McNish,Allan McNish
67,Swiss,http://en.wikipedia.org/wiki/S%C3%A9bastien_Buemi,Sébastien Buemi
68,Japanese,http://en.wikipedia.org/wiki/Toranosuke_Takagi,Toranosuke Takagi
69,Italian,http://en.wikipedia.org/wiki/Luca_Badoer,Luca Badoer
70,Italian,http://en.wikipedia.org/wiki/Alex_Zanardi,Alessandro Zanardi
71,British,http://en.wikipedia.org/wiki/Damon_Hill,Damon Hill
72,French,http://en.wikipedia.org/wiki/St%C3%A9phane_Sarrazin,Stéphane Sarrazin
73,Brazilian,http://en.wikipedia.org/wiki/Ricardo_Rosset,Ricardo Rosset
74,Argentine,http://en.wikipedia.org/wiki/Esteban_Tuero,Esteban Tuero
75,Japanese,http://en.wikipedia.org/wiki/Shinji_Nakano,Shinji Nakano
76,Danish,http://en.wikipedia.org/wiki/Jan_Magnussen,Jan Magnussen
77,Austrian,http://en.wikipedia.org/wiki/Gerhard_Berger,Gerhard Berger
78,Italian,http://en.wikipedia.org/wiki/Nicola_Larini,Nicola Larini
79,Japanese,http://en.wikipedia.org/wiki/Ukyo_Katayama,Ukyo Katayama
80,Italian,http://en.wikipedia.org/wiki/Vincenzo_Sospiri,Vincenzo Sospiri
81,Italian,http://en.wikipedia.org/wiki/Gianni_Morbidelli,Gianni Morbidelli
82,Argentine,http://en.wikipedia.org/wiki/Norberto_Fontana,Norberto Fontana
83,Portuguese,http://en.wikipedia.org/wiki/Pedro_Lamy,Pedro Lamy
84,British,http://en.wikipedia.org/wiki/Martin_Brundle,Martin Brundle
85,Italian,http://en.wikipedia.org/wiki/Andrea_Montermini,Andrea Montermini
86,Italian,http://en.wikipedia.org/wiki/Giovanni_Lavaggi,Giovanni Lavaggi
87,British,http://en.wikipedia.org/wiki/Mark_Blundell,Mark Blundell
88,Japanese,http://en.wikipedia.org/wiki/Aguri_Suzuki,Aguri Suzuki
89,Japanese,http://en.wikipedia.org/wiki/Taki_Inoue,Taki Inoue
90,Brazilian,http://en.wikipedia.org/wiki/Roberto_Moreno,Roberto Moreno
91,Austrian,http://en.wikipedia.org/wiki/Karl_Wendlinger,Karl Wendlinger
92,Belgian,http://en.wikipedia.org/wiki/Bertrand_Gachot,Bertrand Gachot
93,Italian,http://en.wikipedia.org/wiki/Domenico_Schiattarella,Domenico Schiattarella
94,Italian,http://en.wikipedia.org/wiki/Pierluigi_Martini,Pierluigi Martini
95,British,http://en.wikipedia.org/wiki/Nigel_Mansell,Nigel Mansell
96,French,http://en.wikipedia.org/wiki/Jean-Christophe_Boullion,Jean-Christophe Boullion
97,Italian,http://en.wikipedia.org/wiki/Massimiliano_Papis,Massimiliano Papis
98,Swiss,http://en.wikipedia.org/wiki/Jean-Denis_Deletraz,Jean-Denis Délétraz
99,Italian,http://en.wikipedia.org/wiki/Gabriele_Tarquini,Gabriele Tarquini
100,French,http://en.wikipedia.org/wiki/%C3%89rik_Comas,Érik Comas
101,Australian,http://en.wikipedia.org/wiki/David_Brabham,David Brabham
102,Brazilian,http://en.wikipedia.org/wiki/Ayrton_Senna,Ayrton Senna
103,French,http://en.wikipedia.org/wiki/%C3%89ric_Bernard,Éric Bernard
104,Brazilian,http://en.wikipedia.org/wiki/Christian_Fittipaldi,Christian Fittipaldi
105,Italian,http://en.wikipedia.org/wiki/Michele_Alboreto,Michele Alboreto
106,Monegasque,http://en.wikipedia.org/wiki/Olivier_Beretta,Olivier Beretta
107,Austrian,http://en.wikipedia.org/wiki/Roland_Ratzenberger,Roland Ratzenberger
108,French,http://en.wikipedia.org/wiki/Paul_Belmondo,Paul Belmondo
109,Finnish,http://en.wikipedia.org/wiki/Jyrki_J%C3%A4rvilehto,Jyrki Järvilehto
110,Italian,http://en.wikipedia.org/wiki/Andrea_de_Cesaris,Andrea de Cesaris
111,French,http://en.wikipedia.org/wiki/Jean-Marc_Gounon,Jean-Marc Gounon
112,French,http://en.wikipedia.org/wiki/Philippe_Alliot,Philippe Alliot
113,Belgian,http://en.wikipedia.org/wiki/Philippe_Adams,Philippe Adams
114,French,http://en.wikipedia.org/wiki/Yannick_Dalmas,Yannick Dalmas
115,Japanese,http://en.wikipedia.org/wiki/Hideki_Noda,Hideki Noda
116,French,http://en.wikipedia.org/wiki/Franck_Lagorce,Franck Lagorce
117,French,http://en.wikipedia.org/wiki/Alain_Prost,Alain Prost
118,British,http://en.wikipedia.org/wiki/Derek_Warwick,Derek Warwick
119,Italian,http://en.wikipedia.org/wiki/Riccardo_Patrese,Riccardo Patrese
120,Italian,http://en.wikipedia.org/wiki/Fabrizio_Barbazza,Fabrizio Barbazza
121,American,http://en.wikipedia.org/wiki/Michael_Andretti,Michael Andretti
122,Italian,http://en.wikipedia.org/wiki/Ivan_Capelli,Ivan Capelli
123,Belgian,http://en.wikipedia.org/wiki/Thierry_Boutsen,Thierry Boutsen
124,Italian,http://en.wikipedia.org/wiki/Marco_Apicella,Marco Apicella
125,Italian,http://en.wikipedia.org/wiki/Emanuele_Naspetti,Emanuele Naspetti
126,Japanese,http://en.wikipedia.org/wiki/Toshio_Suzuki_(driver),Toshio Suzuki
127,Brazilian,http://en.wikipedia.org/wiki/Maur%C3%ADcio_Gugelmin,Maurício Gugelmin
128,Belgian,http://en.wikipedia.org/wiki/Eric_van_de_Poele,Eric van de Poele
129,French,http://en.wikipedia.org/wiki/Olivier_Grouillard,Olivier Grouillard
130,Swiss,http://en.wikipedia.org/wiki/Andrea_Chiesa,Andrea Chiesa
131,Italian,http://en.wikipedia.org/wiki/Stefano_Modena,Stefano Modena
132,Italian,http://en.wikipedia.org/wiki/Giovanna_Amati,Giovanna Amati
133,Italian,http://en.wikipedia.org/wiki/Alex_Caffi,Alex Caffi
134,Italian,http://en.wikipedia.org/wiki/Enrico_Bertaggia,Enrico Bertaggia
135,British,http://en.wikipedia.org/wiki/Perry_McCarthy,Perry McCarthy
136,Dutch,http://en.wikipedia.org/wiki/Jan_Lammers,Jan Lammers
137,Brazilian,http://en.wikipedia.org/wiki/Nelson_Piquet,Nelson Piquet
138,Japanese,http://en.wikipedia.org/wiki/Satoru_Nakajima,Satoru Nakajima
139,Italian,http://en.wikipedia.org/wiki/Emanuele_Pirro,Emanuele Pirro
140,Swedish,http://en.wikipedia.org/wiki/Stefan_Johansson,Stefan Johansson
141,British,http://en.wikipedia.org/wiki/Julian_Bailey,Julian Bailey
142,Portuguese,http://en.wikipedia.org/wiki/Pedro_Chaves,Pedro Chaves
143,German,http://en.wikipedia.org/wiki/Michael_Bartels,Michael Bartels
144,Japanese,http://en.wikipedia.org/wiki/Naoki_Hattori,Naoki Hattori
145,Italian,http://en.wikipedia.org/wiki/Alessandro_Nannini,Alessandro Nannini
146,German,http://en.wikipedia.org/wiki/Bernd_Schneider_(racecar_driver),Bernd Schneider
147,Italian,http://en.wikipedia.org/wiki/Paolo_Barilla,Paolo Barilla
148,Swiss,http://en.wikipedia.org/wiki/Gregor_Foitek,Gregor Foitek
149,Italian,http://en.wikipedia.org/wiki/Claudio_Langes,Claudio Langes
150,Australian,http://en.wikipedia.org/wiki/Gary_Brabham,Gary Brabham
151,British,http://en.wikipedia.org/wiki/Martin_Donnelly_(racing_driver),Martin Donnelly
152,Italian,http://en.wikipedia.org/wiki/Bruno_Giacomelli,Bruno Giacomelli
153,Spanish,http://en.wikipedia.org/wiki/Jaime_Alguersuari,Jaime Alguersuari
154,French,http://en.wikipedia.org/wiki/Romain_Grosjean,Romain Grosjean
155,Japanese,http://en.wikipedia.org/wiki/Kamui_Kobayashi,Kamui Kobayashi
156,British,http://en.wikipedia.org/wiki/Jonathan_Palmer,Jonathan Palmer
157,German,http://en.wikipedia.org/wiki/Christian_Danner,Christian Danner
158,American,http://en.wikipedia.org/wiki/Eddie_Cheever,Eddie Cheever
159,Spanish,http://en.wikipedia.org/wiki/Luis_Perez-Sala,Luis Pérez-Sala
160,Italian,http://en.wikipedia.org/wiki/Piercarlo_Ghinzani,Piercarlo Ghinzani
161,German,http://en.wikipedia.org/wiki/Volker_Weidler,Volker Weidler
162,French,http://en.wikipedia.org/wiki/Pierre-Henri_Raphanel,Pierre-Henri Raphanel
163,French,http://en.wikipedia.org/wiki/Ren%C3%A9_Arnoux,René Arnoux
164,German,http://en.wikipedia.org/wiki/Joachim_Winkelhock,Joachim Winkelhock
165,Argentine,http://en.wikipedia.org/wiki/Oscar_Larrauri,Oscar Larrauri
166,French,http://en.wikipedia.org/wiki/Philippe_Streiff,Philippe Streiff
167,Spanish,http://en.wikipedia.org/wiki/Adri%C3%A1n_Campos,Adrián Campos
168,French,http://en.wikipedia.org/wiki/Jean-Louis_Schlesser,Jean-Louis Schlesser
169,French,http://en.wikipedia.org/wiki/Pascal_Fabre,Pascal Fabre
170,Italian,http://en.wikipedia.org/wiki/Teo_Fabi,Teo Fabi
171,Swiss,http://en.wikipedia.org/wiki/Franco_Forini,Franco Forini
172,French,http://en.wikipedia.org/wiki/Jacques_Laffite,Jacques Laffite
173,Italian,http://en.wikipedia.org/wiki/Elio_de_Angelis,Elio de Angelis
174,British,http://en.wikipedia.org/wiki/Johnny_Dumfries,Johnny Dumfries
175,French,http://en.wikipedia.org/wiki/Patrick_Tambay,Patrick Tambay
176,Swiss,http://en.wikipedia.org/wiki/Marc_Surer,Marc Surer
177,Finnish,http://en.wikipedia.org/wiki/Keke_Rosberg,Keke Rosberg
178,Australian,http://en.wikipedia.org/wiki/Alan_Jones_(Formula_1),Alan Jones
179,Dutch,http://en.wikipedia.org/wiki/Huub_Rothengatter,Huub Rothengatter
180,Canadian,http://en.wikipedia.org/wiki/Allen_Berg,Allen Berg
181,German,http://en.wikipedia.org/wiki/Manfred_Winkelhock,Manfred Winkelhock
182,Austrian,http://en.wikipedia.org/wiki/Niki_Lauda,Niki Lauda
183,French,http://en.wikipedia.org/wiki/Fran%C3%A7ois_Hesnault,François Hesnault
184,Italian,http://en.wikipedia.org/wiki/Mauro_Baldi,Mauro Baldi
185,German,http://en.wikipedia.org/wiki/Stefan_Bellof,Stefan Bellof
186,British,http://en.wikipedia.org/wiki/Kenny_Acheson,Kenny Acheson
187,British,http://en.wikipedia.org/wiki/John_Watson_(racing_driver),John Watson
188,Venezuelan,http://en.wikipedia.org/wiki/Johnny_Cecotto,Johnny Cecotto
189,Austrian,http://en.wikipedia.org/wiki/Jo_Gartner,Jo Gartner
190,Italian,http://en.wikipedia.org/wiki/Corrado_Fabi,Corrado Fabi
191,New Zealander,http://en.wikipedia.org/wiki/Mike_Thackwell,Mike Thackwell
192,Brazilian,http://en.wikipedia.org/wiki/Chico_Serra,Chico Serra
193,American,http://en.wikipedia.org/wiki/Danny_Sullivan,Danny Sullivan
194,Chilean,http://en.wikipedia.org/wiki/Eliseo_Salazar,Eliseo Salazar
195,Colombian,http://en.wikipedia.org/wiki/Roberto_Guerrero,Roberto Guerrero
196,Brazilian,http://en.wikipedia.org/wiki/Raul_Boesel,Raul Boesel
197,French,http://en.wikipedia.org/wiki/Jean-Pierre_Jarier,Jean-Pierre Jarier
198,Canadian,http://en.wikipedia.org/wiki/Jacques_Villeneuve_(elder),Jacques Villeneuve Sr.
199,Argentine,http://en.wikipedia.org/wiki/Carlos_Reutemann,Carlos Reutemann
200,German,http://en.wikipedia.org/wiki/Jochen_Mass,Jochen Mass
201,Swedish,http://en.wikipedia.org/wiki/Slim_Borgudd,Slim Borgudd
202,French,http://en.wikipedia.org/wiki/Didier_Pironi,Didier Pironi
203,Canadian,http://en.wikipedia.org/wiki/Gilles_Villeneuve,Gilles Villeneuve
204,Italian,http://en.wikipedia.org/wiki/Riccardo_Paletti,Riccardo Paletti
205,British,http://en.wikipedia.org/wiki/Brian_Henton,Brian Henton
206,Irish,http://en.wikipedia.org/wiki/Derek_Daly,Derek Daly
207,American,http://en.wikipedia.org/wiki/Mario_Andretti,Mario Andretti
208,Spanish,http://en.wikipedia.org/wiki/Emilio_de_Villota,Emilio de Villota
209,British,http://en.wikipedia.org/wiki/Geoff_Lees,Geoff Lees
210,Irish,http://en.wikipedia.org/wiki/Tommy_Byrne_%28racing_driver%29,Tommy Byrne
211,British,http://en.wikipedia.org/wiki/Rupert_Keegan,Rupert Keegan
212,Mexican,http://en.wikipedia.org/wiki/Hector_Rebaque,Hector Rebaque
213,Italian,http://en.wikipedia.org/wiki/Beppe_Gabbiani,Beppe Gabbiani
214,American,http://en.wikipedia.org/wiki/Kevin_Cogan,Kevin Cogan
215,Argentine,http://en.wikipedia.org/wiki/Miguel_Angel_Guerra,Miguel Ángel Guerra
216,Italian,http://en.wikipedia.org/wiki/Siegfried_Stohr,Siegfried Stohr
217,Argentine,http://en.wikipedia.org/wiki/Ricardo_Zunino,Ricardo Zunino
218,Colombian,http://en.wikipedia.org/wiki/Ricardo_Londo%C3%B1o,Ricardo Londoño
219,French,http://en.wikipedia.org/wiki/Jean-Pierre_Jabouille,Jean-Pierre Jabouille
220,Italian,http://en.wikipedia.org/wiki/Giorgio_Francia,Giorgio Francia
221,French,http://en.wikipedia.org/wiki/Patrick_Depailler,Patrick Depailler
222,South African,http://en.wikipedia.org/wiki/Jody_Scheckter,Jody Scheckter
223,Swiss,http://en.wikipedia.org/wiki/Clay_Regazzoni,Clay Regazzoni
224,Brazilian,http://en.wikipedia.org/wiki/Emerson_Fittipaldi,Emerson Fittipaldi
225,Irish,http://en.wikipedia.org/wiki/David_Kennedy_(racing_driver),Dave Kennedy
226,British,http://en.wikipedia.org/wiki/Stephen_South,Stephen South
227,British,http://en.wikipedia.org/wiki/Tiff_Needell,Tiff Needell
228,South African,http://en.wikipedia.org/wiki/Desir%C3%A9_Wilson,Desiré Wilson
229,Austrian,http://en.wikipedia.org/wiki/Harald_Ertl,Harald Ertl
230,Italian,http://en.wikipedia.org/wiki/Vittorio_Brambilla,Vittorio Brambilla
231,British,http://en.wikipedia.org/wiki/James_Hunt,James Hunt
232,Italian,http://en.wikipedia.org/wiki/Arturo_Merzario,Arturo Merzario
233,German,http://en.wikipedia.org/wiki/Hans_Joachim_Stuck,Hans-Joachim Stuck
234,Italian,http://en.wikipedia.org/wiki/Gianfranco_Brancatelli,Gianfranco Brancatelli
235,Belgian,http://en.wikipedia.org/wiki/Jacky_Ickx,Jacky Ickx
236,French,http://en.wikipedia.org/wiki/Patrick_Gaillard,Patrick Gaillard
237,Brazilian,http://en.wikipedia.org/wiki/Alex_Ribeiro,Alex Ribeiro
238,Swedish,http://en.wikipedia.org/wiki/Ronnie_Peterson,Ronnie Peterson
239,American,http://en.wikipedia.org/wiki/Brett_Lunger,Brett Lunger
240,American,http://en.wikipedia.org/wiki/Danny_Ongais,Danny Ongais
241,Italian,http://en.wikipedia.org/wiki/Lamberto_Leoni,Lamberto Leoni
242,British,http://en.wikipedia.org/wiki/Divina_Galica,Divina Galica
243,German,http://en.wikipedia.org/wiki/Rolf_Stommelen,Rolf Stommelen
244,Italian,http://en.wikipedia.org/wiki/Alberto_Colombo,Alberto Colombo
245,British,http://en.wikipedia.org/wiki/Tony_Trimmer,Tony Trimmer
246,Austrian,http://en.wikipedia.org/wiki/Hans_Binder,Hans Binder
247,Dutch,http://en.wikipedia.org/wiki/Michael_Bleekemolen,Michael Bleekemolen
248,Italian,http://en.wikipedia.org/wiki/Gimax,Carlo Franchi
249,American,http://en.wikipedia.org/wiki/Bobby_Rahal,Bobby Rahal
250,Brazilian,http://en.wikipedia.org/wiki/Carlos_Pace,Carlos Pace
251,South African,http://en.wikipedia.org/wiki/Ian_Scheckter,Ian Scheckter
252,British,http://en.wikipedia.org/wiki/Tom_Pryce,Tom Pryce
253,Brazilian,http://en.wikipedia.org/wiki/Ingo_Hoffmann,Ingo Hoffmann
254,Italian,http://en.wikipedia.org/wiki/Renzo_Zorzi,Renzo Zorzi
255,Swedish,http://en.wikipedia.org/wiki/Gunnar_Nilsson,Gunnar Nilsson
256,Australian,http://en.wikipedia.org/wiki/Larry_Perkins,Larry Perkins
257,Dutch,http://en.wikipedia.org/wiki/Boy_Hayje,Boy Lunger
258,Belgian,http://en.wikipedia.org/wiki/Patrick_Neve,Patrick Nève
259,British,http://en.wikipedia.org/wiki/David_Purley,David Purley
260,Swedish,http://en.wikipedia.org/wiki/Conny_Andersson_(racing_driver),Conny Andersson
261,Belgian,http://en.wikipedia.org/wiki/Bernard_de_Dryver,Bernard de Dryver
262,British,http://en.wikipedia.org/wiki/Jackie_Oliver,Jackie Oliver
263,Finnish,http://en.wikipedia.org/wiki/Mikko_Kozarowitzky,Mikko Kozarowitzky
264,British,http://en.wikipedia.org/wiki/Andy_Sutcliffe,Andy Sutcliffe
265,British,http://en.wikipedia.org/wiki/Guy_Edwards,Guy Edwards
266,Australian,http://en.wikipedia.org/wiki/Brian_McGuire,Brian McGuire
267,Australian,http://en.wikipedia.org/wiki/Vern_Schuppan,Vern Schuppan
268,German,http://en.wikipedia.org/wiki/Hans_Heyer,Hans Heyer
269,Belgian,http://en.wikipedia.org/wiki/Teddy_Pilette,Teddy Pilette
270,British,http://en.wikipedia.org/wiki/Ian_Ashley,Ian Ashley
271,Swiss,http://en.wikipedia.org/wiki/Loris_Kessel,Loris Kessel
272,Japanese,http://en.wikipedia.org/wiki/Kunimitsu_Takahashi,Kunimitsu Takahashi
273,Japanese,http://en.wikipedia.org/wiki/Kazuyoshi_Hoshino,Kazuyoshi Hoshino
274,Japanese,http://en.wikipedia.org/wiki/Noritake_Takahara,Noritake Takahara
275,Italian,http://en.wikipedia.org/wiki/Lella_Lombardi,Lella Lombardi
276,British,http://en.wikipedia.org/wiki/Bob_Evans_(race_driver),Bob Evans
277,French,http://en.wikipedia.org/wiki/Michel_Lecl%C3%A8re,Michel Leclère
278,New Zealander,http://en.wikipedia.org/wiki/Chris_Amon,Chris Amon
279,Spanish,http://en.wikipedia.org/wiki/Emilio_Zapico,Emilio Zapico
280,French,http://en.wikipedia.org/wiki/Henri_Pescarolo,Henri Pescarolo
281,Danish,http://en.wikipedia.org/wiki/Jac_Nelleman,Jac Nelleman
282,British,http://en.wikipedia.org/wiki/Damien_Magee,Damien Magee
283,British,http://en.wikipedia.org/wiki/Mike_Wilds,Mike Wilds
284,Italian,http://en.wikipedia.org/wiki/Alessandro_Pesenti-Rossi,Alessandro Pesenti-Rossi
285,Austrian,http://en.wikipedia.org/wiki/Otto_Stuppacher,Otto Stuppacher
286,Australian,http://en.wikipedia.org/wiki/Warwick_Brown,Warwick Brown
287,Japanese,http://en.wikipedia.org/wiki/Masahiro_Hasemi,Masahiro Hasemi
288,American,http://en.wikipedia.org/wiki/Mark_Donohue,Mark Donohue
289,British,http://en.wikipedia.org/wiki/Graham_Hill,Graham Hill
290,Brazilian,http://en.wikipedia.org/wiki/Wilson_Fittipaldi,Wilson Fittipaldi
291,South African,http://en.wikipedia.org/wiki/Guy_Tunmer,Guy Tunmer
292,South African,http://en.wikipedia.org/wiki/Eddie_Keizan,Eddie Keizan
293,South African,http://en.wikipedia.org/wiki/Dave_Charlton,Dave Charlton
294,British,http://en.wikipedia.org/wiki/Tony_Brise,Tony Brise
295,Dutch,http://en.wikipedia.org/wiki/Roelof_Wunderink,Roelof Wunderink
296,French,http://en.wikipedia.org/wiki/Fran%C3%A7ois_Migault,François Migault
297,Swedish,http://en.wikipedia.org/wiki/Torsten_Palm,Torsten Palm
298,Dutch,http://en.wikipedia.org/wiki/Gijs_Van_Lennep,Gijs van Lennep
299,Japanese,http://en.wikipedia.org/wiki/Hiroshi_Fushida,Hiroshi Fushida
300,New Zealander,http://en.wikipedia.org/wiki/John_Nicholson_(racing_driver),John Nicholson
301,British,http://en.wikipedia.org/wiki/Dave_Morgan_(racing_driver),Dave Morgan
302,British,http://en.wikipedia.org/wiki/Jim_Crawford_(driver),Jim Crawford
303,Swiss,http://en.wikipedia.org/wiki/Jo_Vonlanthen,Jo Vonlanthen
304,New Zealander,http://en.wikipedia.org/wiki/Denny_Hulme,Denny Hulme
305,British,http://en.wikipedia.org/wiki/Mike_Hailwood,Mike Hailwood
306,French,http://en.wikipedia.org/wiki/Jean-Pierre_Beltoise,Jean-Pierre Beltoise
307,New Zealander,http://en.wikipedia.org/wiki/Howden_Ganley,Howden Ganley
308,British,http://en.wikipedia.org/wiki/Richard_Robarts,Richard Robarts
309,American,http://en.wikipedia.org/wiki/Peter_Revson,Peter Revson
310,South African,http://en.wikipedia.org/wiki/Paddy_Driver,Paddy Driver
311,Danish,http://en.wikipedia.org/wiki/Tom_Bels%C3%B8,Tom Belsø
312,British,http://en.wikipedia.org/wiki/Brian_Redman,Brian Redman
313,Liechtensteiner,http://en.wikipedia.org/wiki/Rikky_von_Opel,Rikky von Opel
314,Australian,http://en.wikipedia.org/wiki/Tim_Schenken,Tim Schenken
315,French,http://en.wikipedia.org/wiki/G%C3%A9rard_Larrousse,Gérard Larrousse
316,Finnish,http://en.wikipedia.org/wiki/Leo_Kinnunen,Leo Kinnunen
317,Swedish,http://en.wikipedia.org/wiki/Reine_Wisell,Reine Wisell
318,Swedish,http://en.wikipedia.org/wiki/Bertil_Roos,Bertil Roos
319,French,http://en.wikipedia.org/wiki/Jos%C3%A9_Dolhem,José Dolhem
320,British,http://en.wikipedia.org/wiki/Peter_Gethin,Peter Gethin
321,British,http://en.wikipedia.org/wiki/Derek_Bell_(auto_racer),Derek Bell
322,British,http://en.wikipedia.org/wiki/David_Hobbs_(racing_driver),David Hobbs
323,Austrian,http://en.wikipedia.org/wiki/Dieter_Quester,Dieter Quester
324,Austrian,http://en.wikipedia.org/wiki/Helmuth_Koinigg,Helmuth Koinigg
325,Italian,http://en.wikipedia.org/wiki/Carlo_Facetti,Carlo Facetti
326,Canadian,http://en.wikipedia.org/wiki/Eppie_Wietzes,Eppie Wietzes
327,French,http://en.wikipedia.org/wiki/Fran%C3%A7ois_Cevert,François Cevert
328,British,http://en.wikipedia.org/wiki/Jackie_Stewart,Jackie Stewart
329,British,http://en.wikipedia.org/wiki/Mike_Beuttler,Mike Beuttler
330,Italian,http://en.wikipedia.org/wiki/Nanni_Galli,Nanni Galli
331,Brazilian,http://en.wikipedia.org/wiki/Luiz_Bueno,Luiz Bueno
332,American,http://en.wikipedia.org/wiki/George_Follmer,George Follmer
333,Italian,http://en.wikipedia.org/wiki/Andrea_de_Adamich,Andrea de Adamich
334,South African,http://en.wikipedia.org/wiki/Jackie_Pretorius,Jackie Pretorius
335,British,http://en.wikipedia.org/wiki/Roger_Williamson,Roger Williamson
336,New Zealander,http://en.wikipedia.org/wiki/Graham_McRae,Graham McRae
337,Austrian,http://en.wikipedia.org/wiki/Helmut_Marko,Helmut Marko
338,Australian,http://en.wikipedia.org/wiki/David_Walker_(racing_driver),David Walker
339,Spanish,http://en.wikipedia.org/wiki/Alex_Soler-Roig,Alex Soler-Roig
340,Rhodesian,http://en.wikipedia.org/wiki/John_Love_(racing_driver),John Love
341,British,http://en.wikipedia.org/wiki/John_Surtees,John Surtees
342,American,http://en.wikipedia.org/wiki/Skip_Barber,Skip Barber
343,Canadian,http://en.wikipedia.org/wiki/Bill_Brack,Bill Brack
344,American,http://en.wikipedia.org/wiki/Sam_Posey,Sam Posey
345,Mexican,http://en.wikipedia.org/wiki/Pedro_Rodr%C3%ADguez_(racing_driver),Pedro Rodríguez
346,Swiss,http://en.wikipedia.org/wiki/Jo_Siffert,Jo Siffert
347,Swedish,http://en.wikipedia.org/wiki/Joakim_Bonnier,Jo Bonnier
348,French,http://en.wikipedia.org/wiki/Fran%C3%A7ois_Mazet,François Mazet
349,French,http://en.wikipedia.org/wiki/Max_Jean,Max Jean
350,British,http://en.wikipedia.org/wiki/Vic_Elford,Vic Elford
351,Swiss,http://en.wikipedia.org/wiki/Silvio_Moser,Silvio Moser
352,Canadian,http://en.wikipedia.org/wiki/George_Eaton,George Eaton
353,American,http://en.wikipedia.org/wiki/Pete_Lovely,Pete Lovely
354,British,http://en.wikipedia.org/wiki/Chris_Craft_(racing_driver),Chris Craft
355,Canadian,http://en.wikipedia.org/wiki/John_Cannon_(auto_racer),John Cannon
356,Australian,http://en.wikipedia.org/wiki/Jack_Brabham,Jack Brabham
357,British,http://en.wikipedia.org/wiki/John_Miles_(auto_racer),John Miles
358,Austrian,http://en.wikipedia.org/wiki/Jochen_Rindt,Jochen Rindt
359,French,http://en.wikipedia.org/wiki/Johnny_Servoz-Gavin,Johnny Servoz-Gavin
360,New Zealander,http://en.wikipedia.org/wiki/Bruce_McLaren,Bruce McLaren
361,British,http://en.wikipedia.org/wiki/Piers_Courage,Piers Courage
362,South African,http://en.wikipedia.org/wiki/Peter_de_Klerk,Peter de Klerk
363,Italian,http://en.wikipedia.org/wiki/Ignazio_Giunti,Ignazio Giunti
364,American,http://en.wikipedia.org/wiki/Dan_Gurney,Dan Gurney
365,German,http://en.wikipedia.org/wiki/Hubert_Hahne,Hubert Hahne
366,American,http://en.wikipedia.org/wiki/Gus_Hutchison,Gus Hutchison
367,British,http://en.wikipedia.org/wiki/Peter_Westbury,Peter Westbury
368,Rhodesian,http://en.wikipedia.org/wiki/Sam_Tingle,Sam Tingle
369,South African,http://en.wikipedia.org/wiki/Basil_van_Rooyen,Basil van Rooyen
370,British,http://en.wikipedia.org/wiki/Richard_Attwood,Richard Attwood
371,Canadian,http://en.wikipedia.org/wiki/Al_Pease,Al Pease
372,Canadian,http://en.wikipedia.org/wiki/John_Cordts,John Cordts
373,British,http://en.wikipedia.org/wiki/Jim_Clark,Jim Clark
374,British,http://en.wikipedia.org/wiki/Mike_Spence,Mike Spence
375,Italian,http://en.wikipedia.org/wiki/Ludovico_Scarfiotti,Ludovico Scarfiotti
376,Belgian,http://en.wikipedia.org/wiki/Lucien_Bianchi,Lucien Bianchi
377,French,http://en.wikipedia.org/wiki/Jo_Schlesser,Jo Schlesser
378,British,http://en.wikipedia.org/wiki/Robin_Widdows,Robin Widdows
379,German,"http://en.wikipedia.org/wiki/Kurt_Ahrens,_Jr.",Kurt Ahrens
380,Australian,http://en.wikipedia.org/wiki/Frank_Gardner_(driver),Frank Gardner
381,American,http://en.wikipedia.org/wiki/Bobby_Unser,Bobby Unser
382,Mexican,http://en.wikipedia.org/wiki/Mois%C3%A9s_Solana,Moisés Solana
383,British,http://en.wikipedia.org/wiki/Bob_Anderson_(racing_driver),Bob Anderson
384,South African,http://en.wikipedia.org/wiki/Luki_Botha,Luki Botha
385,Italian,http://en.wikipedia.org/wiki/Lorenzo_Bandini,Lorenzo Bandini
386,American,http://en.wikipedia.org/wiki/Richie_Ginther,Richie Ginther
387,British,http://en.wikipedia.org/wiki/Mike_Parkes,Mike Parkes
388,British,http://en.wikipedia.org/wiki/Chris_Irwin,Chris Irwin
389,French,http://en.wikipedia.org/wiki/Guy_Ligier,Guy Ligier
390,British,http://en.wikipedia.org/wiki/Alan_Rees_(racing_driver),Alan Rees
391,British,http://en.wikipedia.org/wiki/Brian_Hart,Brian Hart
392,American,http://en.wikipedia.org/wiki/Mike_Fisher_(driver),Mike Fisher
393,American,http://en.wikipedia.org/wiki/Tom_Jones_(auto_racer),Tom Jones
394,Italian,http://en.wikipedia.org/wiki/Giancarlo_Baghetti,Giancarlo Baghetti
395,British,http://en.wikipedia.org/wiki/Jonathan_Williams_(racing_driver),Jonathan Williams
396,American,http://en.wikipedia.org/wiki/Bob_Bondurant,Bob Bondurant
397,British,http://en.wikipedia.org/wiki/Peter_Arundell,Peter Arundell
398,British,http://en.wikipedia.org/wiki/Vic_Wilson_(motor_racing_driver),Vic Wilson
399,British,http://en.wikipedia.org/wiki/John_Taylor_(racer),John Taylor
400,British,http://en.wikipedia.org/wiki/Chris_Lawrence_(racing_driver),Chris Lawrence
401,British,http://en.wikipedia.org/wiki/Trevor_Taylor,Trevor Taylor
402,Italian,http://en.wikipedia.org/wiki/Geki_(driver),Giacomo Russo
403,American,http://en.wikipedia.org/wiki/Phil_Hill,Phil Hill
404,British,http://en.wikipedia.org/wiki/Innes_Ireland,Innes Ireland
405,American,http://en.wikipedia.org/wiki/Ronnie_Bucknum,Ronnie Bucknum
406,Australian,http://en.wikipedia.org/wiki/Paul_Hawkins_(racing_driver),Paul Hawkins
407,British,http://en.wikipedia.org/wiki/David_Prophet,David Prophet
408,South African,http://en.wikipedia.org/wiki/Tony_Maggs,Tony Maggs
409,South African,http://en.wikipedia.org/wiki/Trevor_Blokdyk,Trevor Blokdyk
410,South African,http://en.wikipedia.org/wiki/Neville_Lederle,Neville Lederle
411,South African,http://en.wikipedia.org/wiki/Doug_Serrurier,Doug Serrurier
412,South African,http://en.wikipedia.org/wiki/Brausch_Niemann,Brausch Niemann
413,South African,http://en.wikipedia.org/wiki/Ernie_Pieterse,Ernie Pieterse
414,Rhodesian,http://en.wikipedia.org/wiki/Clive_Puzey,Clive Puzey
415,South African,http://en.wikipedia.org/wiki/Ray_Reed,Ray Reed
416,South African,http://en.wikipedia.org/wiki/David_Clapham,David Clapham
417,South African,http://en.wikipedia.org/wiki/Alex_Blignaut,Alex Blignaut
418,American,http://en.wikipedia.org/wiki/Masten_Gregory,Masten Gregory
419,British,http://en.wikipedia.org/wiki/John_Rhodes_(driver),John Rhodes
420,British,http://en.wikipedia.org/wiki/Ian_Raby,Ian Raby
421,British,http://en.wikipedia.org/wiki/Alan_Rollinson,Alan Rollinson
422,British,http://en.wikipedia.org/wiki/Brian_Gubby,Brian Gubby
423,German,http://en.wikipedia.org/wiki/Gerhard_Mitter,Gerhard Mitter
424,Italian,http://en.wikipedia.org/wiki/Roberto_Bussinello,Roberto Bussinello
425,Italian,http://en.wikipedia.org/wiki/Nino_Vaccarella,Nino Vaccarella
426,Italian,http://en.wikipedia.org/wiki/Giorgio_Bassi,Giorgio Bassi
427,French,http://en.wikipedia.org/wiki/Maurice_Trintignant,Maurice Trintignant
428,French,http://en.wikipedia.org/wiki/Bernard_Collomb,Bernard Collomb
429,Belgian,http://en.wikipedia.org/wiki/Andr%C3%A9_Pilette,André Pilette
430,Dutch,http://en.wikipedia.org/wiki/Carel_Godin_de_Beaufort,Carel Godin de Beaufort
431,German,http://en.wikipedia.org/wiki/Edgar_Barth,Edgar Barth
432,Portuguese,http://en.wikipedia.org/wiki/Mario_de_Araujo_Cabral,Mário de Araújo Cabral
433,American,http://en.wikipedia.org/wiki/Walt_Hansgen,Walt Hansgen
434,American,http://en.wikipedia.org/wiki/Hap_Sharp,Hap Sharp
435,Belgian,http://en.wikipedia.org/wiki/Willy_Mairesse,Willy Mairesse
436,British,http://en.wikipedia.org/wiki/John_Campbell-Jones,John Campbell-Jones
437,British,http://en.wikipedia.org/wiki/Ian_Burgess,Ian Burgess
438,American,http://en.wikipedia.org/wiki/Tony_Settember,Tony Settember
439,Argentine,http://en.wikipedia.org/wiki/Nasif_Est%C3%A9fano,Nasif Estéfano
440,American,http://en.wikipedia.org/wiki/Jim_Hall_(race_car_driver),Jim Hall
441,British,http://en.wikipedia.org/wiki/Tim_Parnell,Tim Parnell
442,German,http://en.wikipedia.org/wiki/Kurt_Kuhnke,Kurt Kuhnke
443,Italian,http://en.wikipedia.org/wiki/Ernesto_Brambilla,Ernesto Brambilla
444,Italian,http://en.wikipedia.org/wiki/Roberto_Lippi,Roberto Lippi
445,German,http://en.wikipedia.org/wiki/G%C3%BCnther_Seiffert,Günther Seiffert
446,Italian,http://en.wikipedia.org/wiki/Carlo_Mario_Abate,Carlo Abate
447,Italian,http://en.wikipedia.org/wiki/Gaetano_Starrabba,Gaetano Starrabba
448,Canadian,http://en.wikipedia.org/wiki/Peter_Broeker,Peter Broeker
449,American,http://en.wikipedia.org/wiki/Rodger_Ward,Rodger Ward
450,Dutch,http://en.wikipedia.org/wiki/Ernie_de_Vos,Ernie de Vos
451,American,http://en.wikipedia.org/wiki/Frank_Dochnal,Frank Dochnal
452,American,http://en.wikipedia.org/wiki/Talk:1963_Mexican_Grand_Prix#Who_was_Thomas_Monarch.3F,Thomas Monarch
842,French,http://en.wikipedia.org/wiki/Pierre_Gasly,Pierre Gasly
453,British,http://en.wikipedia.org/wiki/Jackie_Lewis,Jackie Lewis
454,Mexican,http://en.wikipedia.org/wiki/Ricardo_Rodr%C3%ADguez_(Formula_One),Ricardo Rodríguez
455,German,http://en.wikipedia.org/wiki/Wolfgang_Seidel,Wolfgang Seidel
456,British,http://en.wikipedia.org/wiki/Roy_Salvadori,Roy Salvadori
457,Dutch,http://en.wikipedia.org/wiki/Ben_Pon,Ben Pon
458,Dutch,http://en.wikipedia.org/wiki/Rob_Slotemaker,Rob Slotemaker
459,British,http://en.wikipedia.org/wiki/Tony_Marsh_(racing_driver),Tony Marsh
460,British,http://en.wikipedia.org/wiki/Gerry_Ashmore,Gerry Ashmore
461,Swiss,http://en.wikipedia.org/wiki/Heinz_Schiller,Heinz Schiller
462,British,http://en.wikipedia.org/wiki/Colin_Davis_(driver),Colin Davis
463,American,http://en.wikipedia.org/wiki/Jay_Chamberlain,Jay Chamberlain
464,New Zealander,http://en.wikipedia.org/wiki/Tony_Shelly,Tony Shelly
465,British,http://en.wikipedia.org/wiki/Keith_Greene,Keith Greene
466,Swiss,http://en.wikipedia.org/wiki/Heini_Walter,Heini Walter
467,Italian,http://en.wikipedia.org/wiki/Ernesto_Prinoth,Ernesto Prinoth
468,American,http://en.wikipedia.org/wiki/Roger_Penske,Roger Penske
469,British,http://en.wikipedia.org/wiki/Rob_Schroeder,Rob Schroeder
470,American,http://en.wikipedia.org/wiki/Timmy_Mayer,Timmy Mayer
471,South African,http://en.wikipedia.org/wiki/Bruce_Johnstone_(racing_driver),Bruce Johnstone
472,South African,http://en.wikipedia.org/wiki/Mike_Harris_(race_car_driver),Mike Harris
473,Rhodesian,http://en.wikipedia.org/wiki/Gary_Hocking,Gary Hocking
474,South African,http://en.wikipedia.org/wiki/Syd_van_der_Vyver,Syd van der Vyver
475,British,http://en.wikipedia.org/wiki/Stirling_Moss,Stirling Moss
476,German,http://en.wikipedia.org/wiki/Wolfgang_Graf_Berghe_von_Trips,Wolfgang von Trips
477,British,http://en.wikipedia.org/wiki/Cliff_Allison,Cliff Allison
478,German,http://en.wikipedia.org/wiki/Hans_Herrmann,Hans Herrmann
479,British,http://en.wikipedia.org/wiki/Tony_Brooks,Tony Brooks
480,Swiss,http://en.wikipedia.org/wiki/Michael_May_(racing_driver),Michael May
481,British,http://en.wikipedia.org/wiki/Henry_Taylor_(racing_driver),Henry Taylor
482,Belgian,http://en.wikipedia.org/wiki/Olivier_Gendebien,Olivier Gendebien
483,Italian,http://en.wikipedia.org/wiki/Giorgio_Scarlatti,Giorgio Scarlatti
484,British,http://en.wikipedia.org/wiki/Brian_Naylor,Brian Naylor
485,Argentine,http://en.wikipedia.org/wiki/Juan_Manuel_Bordeu,Juan Manuel Bordeu
486,British,http://en.wikipedia.org/wiki/Jack_Fairman,Jack Fairman
487,Italian,http://en.wikipedia.org/wiki/Massimo_Natili,Massimo Natili
488,Swiss,http://en.wikipedia.org/wiki/Peter_Monteverdi,Peter Monteverdi
489,Italian,http://en.wikipedia.org/wiki/Renato_Pirocchi,Renato Pirocchi
490,British,http://en.wikipedia.org/wiki/Geoff_Duke,Geoff Duke
491,American-Italian,http://en.wikipedia.org/wiki/Alfonso_Thiele,Alfonso Thiele
492,Italian,http://en.wikipedia.org/wiki/Menato_Boffa,Menato Boffa
493,Canadian,http://en.wikipedia.org/wiki/Peter_Ryan_(driver),Peter Ryan
494,American,http://en.wikipedia.org/wiki/Lloyd_Ruby,Lloyd Ruby
495,British,http://en.wikipedia.org/wiki/Ken_Miles,Ken Miles
496,Argentine,http://en.wikipedia.org/wiki/Carlos_Menditeguy,Carlos Menditeguy
497,Argentine,http://en.wikipedia.org/wiki/Alberto_Rodriguez_Larreta,Alberto Rodriguez Larreta
498,Argentine,http://en.wikipedia.org/wiki/Jos%C3%A9_Froil%C3%A1n_Gonz%C3%A1lez,José Froilán González
499,Argentine,http://en.wikipedia.org/wiki/Roberto_Bonomi,Roberto Bonomi
500,Italian,http://en.wikipedia.org/wiki/Gino_Munaron,Gino Munaron
501,American,http://en.wikipedia.org/wiki/Harry_Schell,Harry Schell
502,British,http://en.wikipedia.org/wiki/Alan_Stacey,Alan Stacey
503,Venezuelan,http://en.wikipedia.org/wiki/Ettore_Chimeri,Ettore Chimeri
504,Spanish,http://en.wikipedia.org/wiki/Antonio_Creus,Antonio Creus
505,British,http://en.wikipedia.org/wiki/Chris_Bristow,Chris Bristow
506,British,http://en.wikipedia.org/wiki/Bruce_Halford,Bruce Halford
507,American,http://en.wikipedia.org/wiki/Chuck_Daigh,Chuck Daigh
508,American,http://en.wikipedia.org/wiki/Lance_Reventlow,Lance Reventlow
509,American,http://en.wikipedia.org/wiki/Jim_Rathmann,Jim Rathmann
510,American,http://en.wikipedia.org/wiki/Paul_Goldsmith,Paul Goldsmith
511,American,http://en.wikipedia.org/wiki/Don_Branson,Don Branson
512,American,http://en.wikipedia.org/wiki/Johnny_Thomson,Johnny Thomson
513,American,http://en.wikipedia.org/wiki/Eddie_Johnson_(auto_racer),Eddie Johnson
514,American,http://en.wikipedia.org/wiki/Bob_Veith,Bob Veith
515,American,http://en.wikipedia.org/wiki/Bud_Tingelstad,Bud Tingelstad
516,American,http://en.wikipedia.org/wiki/Bob_Christie_(racing_driver),Bob Christie
517,American,http://en.wikipedia.org/wiki/Red_Amick,Red Amick
518,American,http://en.wikipedia.org/wiki/Duane_Carter,Duane Carter
519,American,http://en.wikipedia.org/wiki/Bill_Homeier,Bill Homeier
520,American,http://en.wikipedia.org/wiki/Gene_Hartley,Gene Hartley
521,American,http://en.wikipedia.org/wiki/Chuck_Stevenson,Chuck Stevenson
522,American,http://en.wikipedia.org/wiki/Bobby_Grim,Bobby Grim
523,American,http://en.wikipedia.org/wiki/Shorty_Templeman,Shorty Templeman
524,American,http://en.wikipedia.org/wiki/Jim_Hurtubise,Jim Hurtubise
525,American,http://en.wikipedia.org/wiki/Jimmy_Bryan,Jimmy Bryan
526,American,http://en.wikipedia.org/wiki/Troy_Ruttman,Troy Ruttman
527,American,http://en.wikipedia.org/wiki/Eddie_Sachs,Eddie Sachs
528,American,http://en.wikipedia.org/wiki/Don_Freeland,Don Freeland
529,American,http://en.wikipedia.org/wiki/Tony_Bettenhausen,Tony Bettenhausen
530,American,http://en.wikipedia.org/wiki/Wayne_Weiler,Wayne Weiler
531,American,http://en.wikipedia.org/wiki/A.J._Foyt,Anthony Foyt
532,American,http://en.wikipedia.org/wiki/Eddie_Russo,Eddie Russo
533,American,http://en.wikipedia.org/wiki/Johnny_Boyd,Johnny Boyd
534,American,http://en.wikipedia.org/wiki/Gene_Force,Gene Force
535,American,http://en.wikipedia.org/wiki/Jim_McWithey,Jim McWithey
536,American,http://en.wikipedia.org/wiki/Len_Sutton,Len Sutton
537,American,http://en.wikipedia.org/wiki/Dick_Rathmann,Dick Rathmann
538,American,http://en.wikipedia.org/wiki/Al_Herman,Al Herman
539,American,http://en.wikipedia.org/wiki/Dempsey_Wilson,Dempsey Wilson
540,British,http://en.wikipedia.org/wiki/Mike_Taylor_(driver),Mike Taylor
541,British,http://en.wikipedia.org/wiki/Ron_Flockhart_(auto_racing),Ron Flockhart
542,British,http://en.wikipedia.org/wiki/David_Piper,David Piper
543,Italian,http://en.wikipedia.org/wiki/Giulio_Cabianca,Giulio Cabianca
544,Italian,http://en.wikipedia.org/wiki/Piero_Drogo,Piero Drogo
545,American,http://en.wikipedia.org/wiki/Fred_Gamble_(racing_driver),Fred Gamble
546,British,http://en.wikipedia.org/wiki/Arthur_Owen,Arthur Owen
547,British,http://en.wikipedia.org/wiki/Horace_Gould,Horace Gould
548,American,http://en.wikipedia.org/wiki/Bob_Drake_(Formula_One),Bob Drake
549,British,http://en.wikipedia.org/wiki/Ivor_Bueb,Ivor Bueb
550,Belgian,http://en.wikipedia.org/wiki/Alain_de_Changy,Alain de Changy
551,Italian,http://en.wikipedia.org/wiki/Maria_Teresa_de_Filippis,Maria de Filippis
552,French,http://en.wikipedia.org/wiki/Jean_Lucienbonnet,Jean Lucienbonnet
553,Monegasque,http://en.wikipedia.org/wiki/Andr%C3%A9_Testut,André Testut
554,French,http://en.wikipedia.org/wiki/Jean_Behra,Jean Behra
555,American,http://en.wikipedia.org/wiki/Paul_Russo,Paul Russo
556,American,http://en.wikipedia.org/wiki/Jimmy_Daywalt,Jimmy Daywalt
557,American,http://en.wikipedia.org/wiki/Chuck_Arnold,Chuck Arnold
558,American,http://en.wikipedia.org/wiki/Al_Keller,Al Keller
559,American,http://en.wikipedia.org/wiki/Pat_Flaherty_(racing_driver),Pat Flaherty
560,American,http://en.wikipedia.org/wiki/Bill_Cheesbourg,Bill Cheesbourg
561,American,http://en.wikipedia.org/wiki/Ray_Crawford,Ray Crawford
562,American,http://en.wikipedia.org/wiki/Jack_Turner_(driver),Jack Turner
563,American,http://en.wikipedia.org/wiki/Chuck_Weyant,Chuck Weyant
564,American,http://en.wikipedia.org/wiki/Jud_Larson,Jud Larson
565,American,http://en.wikipedia.org/wiki/Mike_Magill,Mike Magill
566,American,http://en.wikipedia.org/wiki/Carroll_Shelby,Carroll Shelby
567,Brazilian,http://en.wikipedia.org/wiki/Fritz_d%27Orey,Fritz d'Orey
568,Uruguayan,http://en.wikipedia.org/wiki/Azdrubal_Fontes,Azdrubal Fontes
569,British,http://en.wikipedia.org/wiki/Peter_Ashdown,Peter Ashdown
570,British,http://en.wikipedia.org/wiki/Bill_Moss_(racing_driver),Bill Moss
571,British,http://en.wikipedia.org/wiki/Dennis_Taylor_(racing_driver),Dennis Taylor
572,American,http://en.wikipedia.org/wiki/Harry_Blanchard,Harry Blanchard
573,Argentine-Italian,http://en.wikipedia.org/wiki/Alessandro_de_Tomaso,Alessandro de Tomaso
574,American,http://en.wikipedia.org/wiki/George_Constantine,George Constantine
575,American,http://en.wikipedia.org/wiki/Bob_Said,Bob Said
576,American,http://en.wikipedia.org/wiki/Phil_Cade,Phil Cade
577,Italian,http://en.wikipedia.org/wiki/Luigi_Musso,Luigi Musso
578,British,http://en.wikipedia.org/wiki/Mike_Hawthorn,Mike Hawthorn
579,Argentine,http://en.wikipedia.org/wiki/Juan_Manuel_Fangio,Juan Fangio
580,Spanish,http://en.wikipedia.org/wiki/Paco_Godia,Paco Godia
581,British,http://en.wikipedia.org/wiki/Peter_Collins_(racing_driver),Peter Collins
582,Australian,http://en.wikipedia.org/wiki/Ken_Kavanagh,Ken Kavanagh
583,Italian,http://en.wikipedia.org/wiki/Gerino_Gerini_(racing_driver),Gerino Gerini
584,American,http://en.wikipedia.org/wiki/Bruce_Kessler,Bruce Kessler
585,British,http://en.wikipedia.org/wiki/Paul_Emery,Paul Emery
586,Italian,http://en.wikipedia.org/wiki/Luigi_Piotti,Luigi Piotti
587,British,http://en.wikipedia.org/wiki/Bernie_Ecclestone,Bernie Ecclestone
588,Italian,http://en.wikipedia.org/wiki/Luigi_Taramazzo,Luigi Taramazzo
589,Monegasque,http://en.wikipedia.org/wiki/Louis_Chiron,Louis Chiron
590,British,http://en.wikipedia.org/wiki/Stuart_Lewis-Evans,Stuart Lewis-Evans
591,American,http://en.wikipedia.org/wiki/George_Amick,George Amick
592,American,http://en.wikipedia.org/wiki/Jimmy_Reece,Jimmy Reece
593,American,http://en.wikipedia.org/wiki/Johnnie_Parsons,Johnnie Parsons
594,American,http://en.wikipedia.org/wiki/Johnnie_Tolan,Johnnie Tolan
595,American,http://en.wikipedia.org/wiki/Billy_Garrett,Billy Garrett
596,American,http://en.wikipedia.org/wiki/Ed_Elisian,Ed Elisian
597,American,http://en.wikipedia.org/wiki/Pat_O%27Connor_(auto_racer),Pat O'Connor
598,American,http://en.wikipedia.org/wiki/Jerry_Unser,Jerry Unser
599,American,http://en.wikipedia.org/wiki/Art_Bisch,Art Bisch
600,Belgian,http://en.wikipedia.org/wiki/Christian_Goethals,Christian Goethals
601,British,http://en.wikipedia.org/wiki/Dick_Gibson,Dick Gibson
602,French,http://en.wikipedia.org/wiki/Robert_La_Caze,Robert La Caze
603,French,http://en.wikipedia.org/wiki/Andr%C3%A9_Guelfi,André Guelfi
604,French,http://en.wikipedia.org/wiki/Fran%C3%A7ois_Picard,François Picard
605,British,http://en.wikipedia.org/wiki/Tom_Bridger,Tom Bridger
606,Spanish,http://en.wikipedia.org/wiki/Alfonso_de_Portago,Alfonso de Portago
607,Italian,http://en.wikipedia.org/wiki/Cesare_Perdisa,Cesare Perdisa
608,Italian,http://en.wikipedia.org/wiki/Eugenio_Castellotti,Eugenio Castellotti
609,French,http://en.wikipedia.org/wiki/Andr%C3%A9_Simon_(racing_driver),André Simon
610,British,http://en.wikipedia.org/wiki/Les_Leston,Les Leston
611,American,http://en.wikipedia.org/wiki/Sam_Hanks,Sam Hanks
612,American,http://en.wikipedia.org/wiki/Andy_Linden_(racing_driver),Andy Linden
613,American,http://en.wikipedia.org/wiki/Marshall_Teague_(racing_driver),Marshall Teague
614,American,http://en.wikipedia.org/wiki/Don_Edmunds,Don Edmunds
615,American,http://en.wikipedia.org/wiki/Fred_Agabashian,Fred Agabashian
616,American,http://en.wikipedia.org/wiki/Elmer_George,Elmer George
617,British,http://en.wikipedia.org/wiki/Mike_MacDowel,Mike MacDowel
618,American,http://en.wikipedia.org/wiki/Herbert_MacKay-Fraser,Herbert MacKay-Fraser
619,British,http://en.wikipedia.org/wiki/Bob_Gerard,Bob Gerard
620,Italian,http://en.wikipedia.org/wiki/Umberto_Maglioli,Umberto Maglioli
621,Australian,http://en.wikipedia.org/wiki/Paul_England,Paul England
622,Brazilian,http://en.wikipedia.org/wiki/Chico_Landi,Chico Landi
623,Uruguayan,http://en.wikipedia.org/wiki/Alberto_Uria,Alberto Uria
624,Brazilian,http://en.wikipedia.org/wiki/Hernando_da_Silva_Ramos,Hernando da Silva Ramos
625,French,http://en.wikipedia.org/wiki/%C3%89lie_Bayol,Élie Bayol
626,French,http://en.wikipedia.org/wiki/Robert_Manzon,Robert Manzon
627,French,http://en.wikipedia.org/wiki/Louis_Rosier,Louis Rosier
628,American,http://en.wikipedia.org/wiki/Bob_Sweikert,Bob Sweikert
629,American,http://en.wikipedia.org/wiki/Cliff_Griffith,Cliff Griffith
630,American,http://en.wikipedia.org/wiki/Duke_Dinsmore,Duke Dinsmore
631,American,http://en.wikipedia.org/wiki/Keith_Andrews_(driver),Keith Andrews
632,Belgian,http://en.wikipedia.org/wiki/Paul_Fr%C3%A8re,Paul Frère
633,Italian,http://en.wikipedia.org/wiki/Luigi_Villoresi,Luigi Villoresi
634,Italian,http://en.wikipedia.org/wiki/Piero_Scotti,Piero Scotti
635,British,http://en.wikipedia.org/wiki/Colin_Chapman,Colin Chapman
636,British,http://en.wikipedia.org/wiki/Desmond_Titterington,Desmond Titterington
637,British,http://en.wikipedia.org/wiki/Archie_Scott_Brown,Archie Scott Brown
638,Swiss,http://en.wikipedia.org/wiki/Ottorino_Volonterio,Ottorino Volonterio
639,Belgian,http://en.wikipedia.org/wiki/Andr%C3%A9_Milhoux,André Milhoux
640,Swiss,http://en.wikipedia.org/wiki/Toulo_de_Graffenried,Toulo de Graffenried
641,Italian,http://en.wikipedia.org/wiki/Piero_Taruffi,Piero Taruffi
642,Italian,http://en.wikipedia.org/wiki/Nino_Farina,Nino Farina
643,Argentine,http://en.wikipedia.org/wiki/Roberto_Mieres,Roberto Mieres
644,Italian,http://en.wikipedia.org/wiki/Sergio_Mantovani,Sergio Mantovani
645,Argentine,http://en.wikipedia.org/wiki/Clemar_Bucci,Clemar Bucci
646,Argentine,http://en.wikipedia.org/wiki/Jes%C3%BAs_Iglesias,Jesús Iglesias
647,Italian,http://en.wikipedia.org/wiki/Alberto_Ascari,Alberto Ascari
648,German,http://en.wikipedia.org/wiki/Karl_Kling,Karl Kling
649,Argentine,http://en.wikipedia.org/wiki/Pablo_Birger,Pablo Birger
650,French,http://en.wikipedia.org/wiki/Jacques_Pollet,Jacques Pollet
651,British,http://en.wikipedia.org/wiki/Lance_Macklin,Lance Macklin
652,British,http://en.wikipedia.org/wiki/Ted_Whiteaway,Ted Whiteaway
653,American,http://en.wikipedia.org/wiki/Jimmy_Davies,Jimmy Davies
654,American,http://en.wikipedia.org/wiki/Walt_Faulkner,Walt Faulkner
655,American,http://en.wikipedia.org/wiki/Cal_Niday,Cal Niday
656,American,http://en.wikipedia.org/wiki/Art_Cross,Art Cross
657,American,http://en.wikipedia.org/wiki/Bill_Vukovich,Bill Vukovich
658,American,http://en.wikipedia.org/wiki/Jack_McGrath_(racing_driver),Jack McGrath
659,American,http://en.wikipedia.org/wiki/Jerry_Hoyt,Jerry Hoyt
660,Belgian,http://en.wikipedia.org/wiki/Johnny_Claes,Johnny Claes
661,British,http://en.wikipedia.org/wiki/Peter_Walker_(driver),Peter Walker
662,French,http://en.wikipedia.org/wiki/Mike_Sparken,Mike Sparken
663,British,http://en.wikipedia.org/wiki/Ken_Wharton,Ken Wharton
664,British,http://en.wikipedia.org/wiki/Kenneth_McAlpine,Kenneth McAlpine
665,British,http://en.wikipedia.org/wiki/Leslie_Marr,Leslie Marr
666,British,http://en.wikipedia.org/wiki/Tony_Rolt,Tony Rolt
667,American,http://en.wikipedia.org/wiki/John_Fitch_(driver),John Fitch
668,French,http://en.wikipedia.org/wiki/Jean_Lucas,Jean Lucas
669,Thai,http://en.wikipedia.org/wiki/Prince_Bira,Prince Bira
670,Argentine,http://en.wikipedia.org/wiki/Onofre_Marim%C3%B3n,Onofre Marimón
671,French,http://en.wikipedia.org/wiki/Roger_Loyer,Roger Loyer
672,Argentine,http://en.wikipedia.org/wiki/Jorge_Daponte,Jorge Daponte
673,American,http://en.wikipedia.org/wiki/Mike_Nazaruk,Mike Nazaruk
674,American,http://en.wikipedia.org/wiki/Larry_Crockett,Larry Crockett
675,American,http://en.wikipedia.org/wiki/Manny_Ayulo,Manny Ayulo
676,American,http://en.wikipedia.org/wiki/Frank_Armi,Frank Armi
677,American,http://en.wikipedia.org/wiki/Travis_Webb,Travis Webb
678,American,http://en.wikipedia.org/wiki/Len_Duncan,Len Duncan
679,American,http://en.wikipedia.org/wiki/Ernie_McCoy,Ernie McCoy
680,American,http://en.wikipedia.org/wiki/Jacques_Swaters,Jacques Swaters
681,Belgian,http://en.wikipedia.org/wiki/Georges_Berger,Georges Berger
682,British,http://en.wikipedia.org/wiki/Don_Beauman,Don Beauman
683,British,http://en.wikipedia.org/wiki/Leslie_Thorne,Leslie Thorne
684,British,http://en.wikipedia.org/wiki/Bill_Whitehouse,Bill Whitehouse
685,British,http://en.wikipedia.org/wiki/John_Riseley-Prichard,John Riseley-Prichard
686,British,http://en.wikipedia.org/wiki/Reg_Parnell,Reg Parnell
687,British,http://en.wikipedia.org/wiki/Peter_Whitehead_(racing_driver),Peter Whitehead
688,British,http://en.wikipedia.org/wiki/Eric_Brandon,Eric Brandon
689,British,http://en.wikipedia.org/wiki/Alan_Brown_(racing_driver),Alan Brown
690,British,http://en.wikipedia.org/wiki/Rodney_Nuckey,Rodney Nuckey
691,German,http://en.wikipedia.org/wiki/Hermann_Lang,Hermann Lang
692,German,http://en.wikipedia.org/wiki/Theo_Helfrich,Theo Helfrich
693,American,http://en.wikipedia.org/wiki/Fred_Wacker,Fred Wacker
694,Italian,http://en.wikipedia.org/wiki/Giovanni_de_Riu,Giovanni de Riu
695,Argentine,http://en.wikipedia.org/wiki/%C3%93scar_Alfredo_G%C3%A1lvez,Oscar Gálvez
696,British,http://en.wikipedia.org/wiki/John_Barber_(racing_driver),John Barber
697,Italian,http://en.wikipedia.org/wiki/Felice_Bonetto,Felice Bonetto
698,Argentine,http://en.wikipedia.org/wiki/Adolfo_Schewelm_Cruz,Adolfo Cruz
699,American,http://en.wikipedia.org/wiki/Duke_Nalon,Duke Nalon
700,American,http://en.wikipedia.org/wiki/Carl_Scarborough,Carl Scarborough
701,American,http://en.wikipedia.org/wiki/Bill_Holland,Bill Holland
702,American,http://en.wikipedia.org/wiki/Bob_Scott_(auto_racer),Bob Scott
703,Belgian,http://en.wikipedia.org/wiki/Arthur_Legat,Arthur Legat
704,French,http://en.wikipedia.org/wiki/Yves_Giraud_Cabantous,Yves Cabantous
705,British,http://en.wikipedia.org/wiki/Tony_Crook,Tony Crook
706,British,http://en.wikipedia.org/wiki/Jimmy_Stewart_(racing_driver),Jimmy Stewart
707,British,http://en.wikipedia.org/wiki/Ian_Stewart_(racing_driver),Ian Stewart
708,British,http://en.wikipedia.org/wiki/Duncan_Hamilton_(racing_driver),Duncan Hamilton
709,East German,http://en.wikipedia.org/wiki/Ernst_Klodwig,Ernst Klodwig
710,East German,http://en.wikipedia.org/wiki/Rudolf_Krause,Rudolf Krause
711,German,http://en.wikipedia.org/wiki/Oswald_Karch,Oswald Karch
712,German,http://en.wikipedia.org/wiki/Willi_Heeks,Willi Heeks
713,East German,http://en.wikipedia.org/wiki/Theo_Fitzau,Theo Fitzau
714,German,http://en.wikipedia.org/wiki/Kurt_Adolff,Kurt Adolff
715,German,http://en.wikipedia.org/wiki/G%C3%BCnther_Bechem,Günther Bechem
716,German,http://en.wikipedia.org/wiki/Erwin_Bauer,Erwin Bauer
717,German,http://en.wikipedia.org/wiki/Hans_Von_Stuck,Hans von Stuck
718,German,http://en.wikipedia.org/wiki/Ernst_Loof,Ernst Loof
719,Swiss,http://en.wikipedia.org/wiki/Albert_Scherrer,Albert Scherrer
720,Swiss,http://en.wikipedia.org/wiki/Max_de_Terra,Max de Terra
721,Swiss,http://en.wikipedia.org/wiki/Peter_Hirt,Peter Hirt
722,Italian,http://en.wikipedia.org/wiki/Piero_Carini,Piero Carini
723,Swiss,http://en.wikipedia.org/wiki/Rudi_Fischer,Rudi Fischer
724,German,http://en.wikipedia.org/wiki/Toni_Ulmen,Toni Ulmen
725,British,http://en.wikipedia.org/wiki/George_Abecassis,George Abecassis
726,American,http://en.wikipedia.org/wiki/George_Connor_(driver),George Connor
727,American,http://en.wikipedia.org/wiki/Jim_Rigsby,Jim Rigsby
728,American,http://en.wikipedia.org/wiki/Joe_James_(racing_driver),Joe James
729,American,http://en.wikipedia.org/wiki/Bill_Schindler,Bill Schindler
730,American,http://en.wikipedia.org/wiki/George_Fonder,George Fonder
731,American,http://en.wikipedia.org/wiki/Henry_Banks,Henry Banks
732,American,http://en.wikipedia.org/wiki/Johnny_McDowell,Johnny McDowell
733,American,http://en.wikipedia.org/wiki/Chet_Miller,Chet Miller
734,American,http://en.wikipedia.org/wiki/Bobby_Ball_(auto_racer),Bobby Ball
735,Belgian,http://en.wikipedia.org/wiki/Charles_de_Tornaco,Charles de Tornaco
736,Belgian,http://en.wikipedia.org/wiki/Roger_Laurent,Roger Laurent
737,American,http://en.wikipedia.org/wiki/Robert_O%27Brien_(auto_racer),Robert O'Brien
738,Australian,http://en.wikipedia.org/wiki/Tony_Gaze,Tony Gaze
739,British,http://en.wikipedia.org/wiki/Robin_Montgomerie-Charrington,Robin Montgomerie-Charrington
740,Italian,http://en.wikipedia.org/wiki/Franco_Comotti,Franco Comotti
741,French,http://en.wikipedia.org/wiki/Philippe_%C3%89tancelin,Philippe Étancelin
742,British,http://en.wikipedia.org/wiki/Dennis_Poore,Dennis Poore
743,British,http://en.wikipedia.org/wiki/Eric_Thompson_(racing_driver),Eric Thompson
744,British,http://en.wikipedia.org/wiki/Ken_Downing,Ken Downing
745,British,http://en.wikipedia.org/wiki/Graham_Whitehead,Graham Whitehead
746,Brazilian,http://en.wikipedia.org/wiki/Gino_Bianco,Gino Bianco
747,British,http://en.wikipedia.org/wiki/David_Murray_(driver),David Murray
748,Uruguayan,http://en.wikipedia.org/wiki/Eitel_Cantoni,Eitel Cantoni
749,British,http://en.wikipedia.org/wiki/Bill_Aston,Bill Aston
750,German,http://en.wikipedia.org/wiki/Adolf_Brudes,Adolf Brudes
751,German,http://en.wikipedia.org/wiki/Fritz_Riess,Fritz Riess
752,German,http://en.wikipedia.org/wiki/Helmut_Niedermayr,Helmut Niedermayr
753,German,http://en.wikipedia.org/wiki/Hans_Klenk,Hans Klenk
754,French,http://en.wikipedia.org/wiki/Marcel_Balsa,Marcel Balsa
755,Swiss,http://en.wikipedia.org/wiki/Rudolf_Schoeller,Rudolf Schoeller
756,German,http://en.wikipedia.org/wiki/Paul_Pietsch,Paul Pietsch
757,German,http://en.wikipedia.org/wiki/Josef_Peters_(driver),Josef Peters
758,Dutch,http://en.wikipedia.org/wiki/Dries_van_der_Lof,Dries van der Lof
759,Dutch,http://en.wikipedia.org/wiki/Jan_Flinterman,Jan Flinterman
760,Italian,http://en.wikipedia.org/wiki/Piero_Dusio,Piero Dusio
761,Argentine,http://en.wikipedia.org/wiki/Alberto_Crespo,Alberto Crespo
762,Italian,http://en.wikipedia.org/wiki/Franco_Rol,Franco Rol
763,Italian,http://en.wikipedia.org/wiki/Consalvo_Sanesi,Consalvo Sanesi
764,French,http://en.wikipedia.org/wiki/Guy_Mairesse,Guy Mairesse
765,French,http://en.wikipedia.org/wiki/Henri_Louveau,Henri Louveau
766,American,http://en.wikipedia.org/wiki/Lee_Wallard,Lee Wallard
767,American,http://en.wikipedia.org/wiki/Carl_Forberg,Carl Forberg
768,American,http://en.wikipedia.org/wiki/Mauri_Rose,Mauri Rose
769,American,http://en.wikipedia.org/wiki/Bill_Mackey,Bill Mackey
770,American,http://en.wikipedia.org/wiki/Cecil_Green,Cecil Green
771,American,http://en.wikipedia.org/wiki/Walt_Brown_(auto_racer),Walt Brown
772,American,http://en.wikipedia.org/wiki/Mack_Hellings,Mack Hellings
773,French,http://en.wikipedia.org/wiki/Pierre_Levegh,Pierre Levegh
774,French,http://en.wikipedia.org/wiki/Eug%C3%A8ne_Chaboud,Eugène Chaboud
775,French,http://en.wikipedia.org/wiki/Aldo_Gordini,Aldo Gordini
776,Irish,http://en.wikipedia.org/wiki/Joe_Kelly_(Formula_One),Joe Kelly
777,British,http://en.wikipedia.org/wiki/Philip_Fotheringham-Parker,Philip Fotheringham-Parker
778,British,http://en.wikipedia.org/wiki/Brian_Shawe_Taylor,Brian Shawe Taylor
779,British,http://en.wikipedia.org/wiki/John_James_(auto_racer),John James
780,Swiss,http://en.wikipedia.org/wiki/Toni_Branca,Toni Branca
781,British,http://en.wikipedia.org/wiki/Ken_Richardson_(race_car_driver),Ken Richardson
782,Spanish,http://en.wikipedia.org/wiki/Juan_Jover,Juan Jover
783,French,http://en.wikipedia.org/wiki/Georges_Grignard,Georges Grignard
784,British,http://en.wikipedia.org/wiki/David_Hampshire,David Hampshire
785,British,http://en.wikipedia.org/wiki/Geoff_Crossley,Geoff Crossley
786,Italian,http://en.wikipedia.org/wiki/Luigi_Fagioli,Luigi Fagioli
787,British,http://en.wikipedia.org/wiki/Cuth_Harrison,Cuth Harrison
788,British,http://en.wikipedia.org/wiki/Joe_Fry,Joe Fry
789,French,http://en.wikipedia.org/wiki/Eug%C3%A8ne_Martin,Eugène Martin
790,British,http://en.wikipedia.org/wiki/Leslie_Johnson_(racing_driver),Leslie Johnson
791,Italian,http://en.wikipedia.org/wiki/Clemente_Biondetti,Clemente Biondetti
792,Argentine,http://en.wikipedia.org/wiki/Alfredo_Pi%C3%A0n,Alfredo Pián
793,French,http://en.wikipedia.org/wiki/Raymond_Sommer,Raymond Sommer
794,American,http://en.wikipedia.org/wiki/Joie_Chitwood,Joie Chitwood
795,American,http://en.wikipedia.org/wiki/Myron_Fohr,Myron Fohr
796,American,http://en.wikipedia.org/wiki/Walt_Ader,Walt Ader
797,American,http://en.wikipedia.org/wiki/Jackie_Holmes,Jackie Holmes
798,American,http://en.wikipedia.org/wiki/Bayliss_Levrett,Bayliss Levrett
799,American,http://en.wikipedia.org/wiki/Jimmy_Jackson_(driver),Jimmy Jackson
800,Italian,http://en.wikipedia.org/wiki/Nello_Pagani,Nello Pagani
801,French,http://en.wikipedia.org/wiki/Charles_Pozzi,Charles Pozzi
802,Italian,http://en.wikipedia.org/wiki/Dorino_Serafini,Dorino Serafini
803,American,http://en.wikipedia.org/wiki/William_Cantrell,Bill Cantrell
804,American,http://en.wikipedia.org/wiki/Johnny_Mantz,Johnny Mantz
805,American,http://en.wikipedia.org/wiki/Danny_Kladis,Danny Kladis
806,Uruguayan,http://en.wikipedia.org/wiki/%C3%93scar_Gonz%C3%A1lez_(racing_driver),Óscar González
807,German,http://en.wikipedia.org/wiki/Nico_H%C3%BClkenberg,Nico Hülkenberg
808,Russian,http://en.wikipedia.org/wiki/Vitaly_Petrov,Vitaly Petrov
810,Brazilian,http://en.wikipedia.org/wiki/Lucas_di_Grassi,Lucas di Grassi
811,Brazilian,http://en.wikipedia.org/wiki/Bruno_Senna,Bruno Senna
812,Indian,http://en.wikipedia.org/wiki/Karun_Chandhok,Karun Chandhok
813,Venezuelan,http://en.wikipedia.org/wiki/Pastor_Maldonado,Pastor Maldonado
814,British,http://en.wikipedia.org/wiki/Paul_di_Resta,Paul di Resta
815,Mexican,http://en.wikipedia.org/wiki/Sergio_P%C3%A9rez,Sergio Pérez
816,Belgian,http://en.wikipedia.org/wiki/J%C3%A9r%C3%B4me_d%27Ambrosio,Jérôme d'Ambrosio
817,Australian,http://en.wikipedia.org/wiki/Daniel_Ricciardo,Daniel Ricciardo
818,French,http://en.wikipedia.org/wiki/Jean-%C3%89ric_Vergne,Jean-Éric Vergne
819,French,http://en.wikipedia.org/wiki/Charles_Pic,Charles Pic
820,British,http://en.wikipedia.org/wiki/Max_Chilton,Max Chilton
821,Mexican,http://en.wikipedia.org/wiki/Esteban_Guti%C3%A9rrez,Esteban Gutiérrez
822,Finnish,http://en.wikipedia.org/wiki/Valtteri_Bottas,Valtteri Bottas
823,Dutch,http://en.wikipedia.org/wiki/Giedo_van_der_Garde,Giedo van der Garde
824,French,http://en.wikipedia.org/wiki/Jules_Bianchi,Jules Bianchi
825,Danish,http://en.wikipedia.org/wiki/Kevin_Magnussen,Kevin Magnussen
826,Russian,http://en.wikipedia.org/wiki/Daniil_Kvyat,Daniil Kvyat
827,German,http://en.wikipedia.org/wiki/Andr%C3%A9_Lotterer,André Lotterer
828,Swedish,http://en.wikipedia.org/wiki/Marcus_Ericsson,Marcus Ericsson
829,British,http://en.wikipedia.org/wiki/Will_Stevens,Will Stevens
830,Dutch,http://en.wikipedia.org/wiki/Max_Verstappen,Max Verstappen
831,Brazilian,http://en.wikipedia.org/wiki/Felipe_Nasr,Felipe Nasr
832,Spanish,http://en.wikipedia.org/wiki/Carlos_Sainz_Jr.,Carlos Sainz
833,Spanish,http://en.wikipedia.org/wiki/Roberto_Merhi,Roberto Merhi
834,American,http://en.wikipedia.org/wiki/Alexander_Rossi_%28racing_driver%29,Alexander Rossi
835,British,http://en.wikipedia.org/wiki/Jolyon_Palmer,Jolyon Palmer
836,German,http://en.wikipedia.org/wiki/Pascal_Wehrlein,Pascal Wehrlein
837,Indonesian,http://en.wikipedia.org/wiki/Rio_Haryanto,Rio Haryanto
838,Belgian,http://en.wikipedia.org/wiki/Stoffel_Vandoorne,Stoffel Vandoorne
839,French,http://en.wikipedia.org/wiki/Esteban_Ocon,Esteban Ocon
840,Canadian,http://en.wikipedia.org/wiki/Lance_Stroll,Lance Stroll
841,Italian,http://en.wikipedia.org/wiki/Antonio_Giovinazzi,Antonio Giovinazzi
843,New Zealander,http://en.wikipedia.org/wiki/Brendon_Hartley,Brendon Hartley
844,Monegasque,http://en.wikipedia.org/wiki/Charles_Leclerc,Charles Leclerc
845,Russian,http://en.wikipedia.org/wiki/Sergey_Sirotkin_(racing_driver),Sergey Sirotkin
846,British,http://en.wikipedia.org/wiki/Lando_Norris,Lando Norris
847,British,http://en.wikipedia.org/wiki/George_Russell_(racing_driver),George Russell
848,Thai,http://en.wikipedia.org/wiki/Alexander_Albon,Alexander Albon
849,Canadian,http://en.wikipedia.org/wiki/Nicholas_Latifi,Nicholas Latifi
850,Brazilian,http://en.wikipedia.org/wiki/Pietro_Fittipaldi,Pietro Fittipaldi
851,British,http://en.wikipedia.org/wiki/Jack_Aitken,Jack Aitken
852,Japanese,http://en.wikipedia.org/wiki/Yuki_Tsunoda,Yuki Tsunoda
853,Russian,http://en.wikipedia.org/wiki/Nikita_Mazepin,Nikita Mazepin
854,German,http://en.wikipedia.org/wiki/Mick_Schumacher,Mick Schumacher
855,Chinese,http://en.wikipedia.org/wiki/Zhou_Guanyu,Guanyu Zhou
856,Dutch,http://en.wikipedia.org/wiki/Nyck_de_Vries,Nyck de Vries
857,Australian,http://en.wikipedia.org/wiki/Oscar_Piastri,Oscar Piastri
858,American,http://en.wikipedia.org/wiki/Logan_Sargeant,Logan Sargeant
859,New Zealander,http://en.wikipedia.org/wiki/Liam_Lawson,Liam Lawson
860,British,http://en.wikipedia.org/wiki/Oliver_Bearman,Oliver Bearman
861,Argentinian ,http://en.wikipedia.org/wiki/Franco_Colapinto,Franco Colapinto
862,Australian,http://en.wikipedia.org/wiki/Jack_Doohan,Jack Doohan
