raceId,circuitId,date,name
1,1,2009-03-29,Australian Grand Prix
2,2,2009-04-05,Malaysian Grand Prix
3,17,2009-04-19,Chinese Grand Prix
4,3,2009-04-26,Bahrain Grand Prix
5,4,2009-05-10,Spanish Grand Prix
6,6,2009-05-24,Monaco Grand Prix
7,5,2009-06-07,Turkish Grand Prix
8,9,2009-06-21,British Grand Prix
9,20,2009-07-12,German Grand Prix
10,11,2009-07-26,Hungarian Grand Prix
11,12,2009-08-23,European Grand Prix
12,13,2009-08-30,Belgian Grand Prix
13,14,2009-09-13,Italian Grand Prix
14,15,2009-09-27,Singapore Grand Prix
15,22,2009-10-04,Japanese Grand Prix
16,18,2009-10-18,Brazilian Grand Prix
17,24,2009-11-01,Abu Dhabi Grand Prix
18,1,2008-03-16,Australian Grand Prix
19,2,2008-03-23,Malaysian Grand Prix
20,3,2008-04-06,Bahrain Grand Prix
21,4,2008-04-27,Spanish Grand Prix
22,5,2008-05-11,Turkish Grand Prix
23,6,2008-05-25,Monaco Grand Prix
24,7,2008-06-08,Canadian Grand Prix
25,8,2008-06-22,French Grand Prix
26,9,2008-07-06,British Grand Prix
27,10,2008-07-20,German Grand Prix
28,11,2008-08-03,Hungarian Grand Prix
29,12,2008-08-24,European Grand Prix
30,13,2008-09-07,Belgian Grand Prix
31,14,2008-09-14,Italian Grand Prix
32,15,2008-09-28,Singapore Grand Prix
33,16,2008-10-12,Japanese Grand Prix
34,17,2008-10-19,Chinese Grand Prix
35,18,2008-11-02,Brazilian Grand Prix
36,1,2007-03-18,Australian Grand Prix
37,2,2007-04-08,Malaysian Grand Prix
38,3,2007-04-15,Bahrain Grand Prix
39,4,2007-05-13,Spanish Grand Prix
40,6,2007-05-27,Monaco Grand Prix
41,7,2007-06-10,Canadian Grand Prix
42,19,2007-06-17,United States Grand Prix
43,8,2007-07-01,French Grand Prix
44,9,2007-07-08,British Grand Prix
45,20,2007-07-22,European Grand Prix
46,11,2007-08-05,Hungarian Grand Prix
47,5,2007-08-26,Turkish Grand Prix
48,14,2007-09-09,Italian Grand Prix
49,13,2007-09-16,Belgian Grand Prix
50,16,2007-09-30,Japanese Grand Prix
51,17,2007-10-07,Chinese Grand Prix
52,18,2007-10-21,Brazilian Grand Prix
53,3,2006-03-12,Bahrain Grand Prix
54,2,2006-03-19,Malaysian Grand Prix
55,1,2006-04-02,Australian Grand Prix
56,21,2006-04-23,San Marino Grand Prix
57,20,2006-05-07,European Grand Prix
58,4,2006-05-14,Spanish Grand Prix
59,6,2006-05-28,Monaco Grand Prix
60,9,2006-06-11,British Grand Prix
61,7,2006-06-25,Canadian Grand Prix
62,19,2006-07-02,United States Grand Prix
63,8,2006-07-16,French Grand Prix
64,10,2006-07-30,German Grand Prix
65,11,2006-08-06,Hungarian Grand Prix
66,5,2006-08-27,Turkish Grand Prix
67,14,2006-09-10,Italian Grand Prix
68,17,2006-10-01,Chinese Grand Prix
69,22,2006-10-08,Japanese Grand Prix
70,18,2006-10-22,Brazilian Grand Prix
71,1,2005-03-06,Australian Grand Prix
72,2,2005-03-20,Malaysian Grand Prix
73,3,2005-04-03,Bahrain Grand Prix
74,21,2005-04-24,San Marino Grand Prix
75,4,2005-05-08,Spanish Grand Prix
76,6,2005-05-22,Monaco Grand Prix
77,20,2005-05-29,European Grand Prix
78,7,2005-06-12,Canadian Grand Prix
79,19,2005-06-19,United States Grand Prix
80,8,2005-07-03,French Grand Prix
81,9,2005-07-10,British Grand Prix
82,10,2005-07-24,German Grand Prix
83,11,2005-07-31,Hungarian Grand Prix
84,5,2005-08-21,Turkish Grand Prix
85,14,2005-09-04,Italian Grand Prix
86,13,2005-09-11,Belgian Grand Prix
87,18,2005-09-25,Brazilian Grand Prix
88,22,2005-10-09,Japanese Grand Prix
89,17,2005-10-16,Chinese Grand Prix
90,1,2004-03-07,Australian Grand Prix
91,2,2004-03-21,Malaysian Grand Prix
92,3,2004-04-04,Bahrain Grand Prix
93,21,2004-04-25,San Marino Grand Prix
94,4,2004-05-09,Spanish Grand Prix
95,6,2004-05-23,Monaco Grand Prix
96,20,2004-05-30,European Grand Prix
97,7,2004-06-13,Canadian Grand Prix
98,19,2004-06-20,United States Grand Prix
99,8,2004-07-04,French Grand Prix
100,9,2004-07-11,British Grand Prix
101,10,2004-07-25,German Grand Prix
102,11,2004-08-15,Hungarian Grand Prix
103,13,2004-08-29,Belgian Grand Prix
104,14,2004-09-12,Italian Grand Prix
105,17,2004-09-26,Chinese Grand Prix
106,22,2004-10-10,Japanese Grand Prix
107,18,2004-10-24,Brazilian Grand Prix
108,1,2003-03-09,Australian Grand Prix
109,2,2003-03-23,Malaysian Grand Prix
110,18,2003-04-06,Brazilian Grand Prix
111,21,2003-04-20,San Marino Grand Prix
112,4,2003-05-04,Spanish Grand Prix
113,70,2003-05-18,Austrian Grand Prix
114,6,2003-06-01,Monaco Grand Prix
115,7,2003-06-15,Canadian Grand Prix
116,20,2003-06-29,European Grand Prix
117,8,2003-07-06,French Grand Prix
118,9,2003-07-20,British Grand Prix
119,10,2003-08-03,German Grand Prix
120,11,2003-08-24,Hungarian Grand Prix
121,14,2003-09-14,Italian Grand Prix
122,19,2003-09-28,United States Grand Prix
123,22,2003-10-12,Japanese Grand Prix
124,1,2002-03-03,Australian Grand Prix
125,2,2002-03-17,Malaysian Grand Prix
126,18,2002-03-31,Brazilian Grand Prix
127,21,2002-04-14,San Marino Grand Prix
128,4,2002-04-28,Spanish Grand Prix
129,70,2002-05-12,Austrian Grand Prix
130,6,2002-05-26,Monaco Grand Prix
131,7,2002-06-09,Canadian Grand Prix
132,20,2002-06-23,European Grand Prix
133,9,2002-07-07,British Grand Prix
134,8,2002-07-21,French Grand Prix
135,10,2002-07-28,German Grand Prix
136,11,2002-08-18,Hungarian Grand Prix
137,13,2002-09-01,Belgian Grand Prix
138,14,2002-09-15,Italian Grand Prix
139,19,2002-09-29,United States Grand Prix
140,22,2002-10-13,Japanese Grand Prix
141,1,2001-03-04,Australian Grand Prix
142,2,2001-03-18,Malaysian Grand Prix
143,18,2001-04-01,Brazilian Grand Prix
144,21,2001-04-15,San Marino Grand Prix
145,4,2001-04-29,Spanish Grand Prix
146,70,2001-05-13,Austrian Grand Prix
147,6,2001-05-27,Monaco Grand Prix
148,7,2001-06-10,Canadian Grand Prix
149,20,2001-06-24,European Grand Prix
150,8,2001-07-01,French Grand Prix
151,9,2001-07-15,British Grand Prix
152,10,2001-07-29,German Grand Prix
153,11,2001-08-19,Hungarian Grand Prix
154,13,2001-09-02,Belgian Grand Prix
155,14,2001-09-16,Italian Grand Prix
156,19,2001-09-30,United States Grand Prix
157,22,2001-10-14,Japanese Grand Prix
158,1,2000-03-12,Australian Grand Prix
159,18,2000-03-26,Brazilian Grand Prix
160,21,2000-04-09,San Marino Grand Prix
161,9,2000-04-23,British Grand Prix
162,4,2000-05-07,Spanish Grand Prix
163,20,2000-05-21,European Grand Prix
164,6,2000-06-04,Monaco Grand Prix
165,7,2000-06-18,Canadian Grand Prix
166,8,2000-07-02,French Grand Prix
167,70,2000-07-16,Austrian Grand Prix
168,10,2000-07-30,German Grand Prix
169,11,2000-08-13,Hungarian Grand Prix
170,13,2000-08-27,Belgian Grand Prix
171,14,2000-09-10,Italian Grand Prix
172,19,2000-09-24,United States Grand Prix
173,22,2000-10-08,Japanese Grand Prix
174,2,2000-10-22,Malaysian Grand Prix
175,1,1999-03-07,Australian Grand Prix
176,18,1999-04-11,Brazilian Grand Prix
177,21,1999-05-02,San Marino Grand Prix
178,6,1999-05-16,Monaco Grand Prix
179,4,1999-05-30,Spanish Grand Prix
180,7,1999-06-13,Canadian Grand Prix
181,8,1999-06-27,French Grand Prix
182,9,1999-07-11,British Grand Prix
183,70,1999-07-25,Austrian Grand Prix
184,10,1999-08-01,German Grand Prix
185,11,1999-08-15,Hungarian Grand Prix
186,13,1999-08-29,Belgian Grand Prix
187,14,1999-09-12,Italian Grand Prix
188,20,1999-09-26,European Grand Prix
189,2,1999-10-17,Malaysian Grand Prix
190,22,1999-10-31,Japanese Grand Prix
191,1,1998-03-08,Australian Grand Prix
192,18,1998-03-29,Brazilian Grand Prix
193,25,1998-04-12,Argentine Grand Prix
194,21,1998-04-26,San Marino Grand Prix
195,4,1998-05-10,Spanish Grand Prix
196,6,1998-05-24,Monaco Grand Prix
197,7,1998-06-07,Canadian Grand Prix
198,8,1998-06-28,French Grand Prix
199,9,1998-07-12,British Grand Prix
200,70,1998-07-26,Austrian Grand Prix
201,10,1998-08-02,German Grand Prix
202,11,1998-08-16,Hungarian Grand Prix
203,13,1998-08-30,Belgian Grand Prix
204,14,1998-09-13,Italian Grand Prix
205,20,1998-09-27,Luxembourg Grand Prix
206,22,1998-11-01,Japanese Grand Prix
207,1,1997-03-09,Australian Grand Prix
208,18,1997-03-30,Brazilian Grand Prix
209,25,1997-04-13,Argentine Grand Prix
210,21,1997-04-27,San Marino Grand Prix
211,6,1997-05-11,Monaco Grand Prix
212,4,1997-05-25,Spanish Grand Prix
213,7,1997-06-15,Canadian Grand Prix
214,8,1997-06-29,French Grand Prix
215,9,1997-07-13,British Grand Prix
216,10,1997-07-27,German Grand Prix
217,11,1997-08-10,Hungarian Grand Prix
218,13,1997-08-24,Belgian Grand Prix
219,14,1997-09-07,Italian Grand Prix
220,70,1997-09-21,Austrian Grand Prix
221,20,1997-09-28,Luxembourg Grand Prix
222,22,1997-10-12,Japanese Grand Prix
223,26,1997-10-26,European Grand Prix
224,1,1996-03-10,Australian Grand Prix
225,18,1996-03-31,Brazilian Grand Prix
226,25,1996-04-07,Argentine Grand Prix
227,20,1996-04-28,European Grand Prix
228,21,1996-05-05,San Marino Grand Prix
229,6,1996-05-19,Monaco Grand Prix
230,4,1996-06-02,Spanish Grand Prix
231,7,1996-06-16,Canadian Grand Prix
232,8,1996-06-30,French Grand Prix
233,9,1996-07-14,British Grand Prix
234,10,1996-07-28,German Grand Prix
235,11,1996-08-11,Hungarian Grand Prix
236,13,1996-08-25,Belgian Grand Prix
237,14,1996-09-08,Italian Grand Prix
238,27,1996-09-22,Portuguese Grand Prix
239,22,1996-10-13,Japanese Grand Prix
240,18,1995-03-26,Brazilian Grand Prix
241,25,1995-04-09,Argentine Grand Prix
242,21,1995-04-30,San Marino Grand Prix
243,4,1995-05-14,Spanish Grand Prix
244,6,1995-05-28,Monaco Grand Prix
245,7,1995-06-11,Canadian Grand Prix
246,8,1995-07-02,French Grand Prix
247,9,1995-07-16,British Grand Prix
248,10,1995-07-30,German Grand Prix
249,11,1995-08-13,Hungarian Grand Prix
250,13,1995-08-27,Belgian Grand Prix
251,14,1995-09-10,Italian Grand Prix
252,27,1995-09-24,Portuguese Grand Prix
253,20,1995-10-01,European Grand Prix
254,28,1995-10-22,Pacific Grand Prix
255,22,1995-10-29,Japanese Grand Prix
256,29,1995-11-12,Australian Grand Prix
257,18,1994-03-27,Brazilian Grand Prix
258,28,1994-04-17,Pacific Grand Prix
259,21,1994-05-01,San Marino Grand Prix
260,6,1994-05-15,Monaco Grand Prix
261,4,1994-05-29,Spanish Grand Prix
262,7,1994-06-12,Canadian Grand Prix
263,8,1994-07-03,French Grand Prix
264,9,1994-07-10,British Grand Prix
265,10,1994-07-31,German Grand Prix
266,11,1994-08-14,Hungarian Grand Prix
267,13,1994-08-28,Belgian Grand Prix
268,14,1994-09-11,Italian Grand Prix
269,27,1994-09-25,Portuguese Grand Prix
270,26,1994-10-16,European Grand Prix
271,22,1994-11-06,Japanese Grand Prix
272,29,1994-11-13,Australian Grand Prix
273,30,1993-03-14,South African Grand Prix
274,18,1993-03-28,Brazilian Grand Prix
275,31,1993-04-11,European Grand Prix
276,21,1993-04-25,San Marino Grand Prix
277,4,1993-05-09,Spanish Grand Prix
278,6,1993-05-23,Monaco Grand Prix
279,7,1993-06-13,Canadian Grand Prix
280,8,1993-07-04,French Grand Prix
281,9,1993-07-11,British Grand Prix
282,10,1993-07-25,German Grand Prix
283,11,1993-08-15,Hungarian Grand Prix
284,13,1993-08-29,Belgian Grand Prix
285,14,1993-09-12,Italian Grand Prix
286,27,1993-09-26,Portuguese Grand Prix
287,22,1993-10-24,Japanese Grand Prix
288,29,1993-11-07,Australian Grand Prix
289,30,1992-03-01,South African Grand Prix
290,32,1992-03-22,Mexican Grand Prix
291,18,1992-04-05,Brazilian Grand Prix
292,4,1992-05-03,Spanish Grand Prix
293,21,1992-05-17,San Marino Grand Prix
294,6,1992-05-31,Monaco Grand Prix
295,7,1992-06-14,Canadian Grand Prix
296,8,1992-07-05,French Grand Prix
297,9,1992-07-12,British Grand Prix
298,10,1992-07-26,German Grand Prix
299,11,1992-08-16,Hungarian Grand Prix
300,13,1992-08-30,Belgian Grand Prix
301,14,1992-09-13,Italian Grand Prix
302,27,1992-09-27,Portuguese Grand Prix
303,22,1992-10-25,Japanese Grand Prix
304,29,1992-11-08,Australian Grand Prix
305,33,1991-03-10,United States Grand Prix
306,18,1991-03-24,Brazilian Grand Prix
307,21,1991-04-28,San Marino Grand Prix
308,6,1991-05-12,Monaco Grand Prix
309,7,1991-06-02,Canadian Grand Prix
310,32,1991-06-16,Mexican Grand Prix
311,8,1991-07-07,French Grand Prix
312,9,1991-07-14,British Grand Prix
313,10,1991-07-28,German Grand Prix
314,11,1991-08-11,Hungarian Grand Prix
315,13,1991-08-25,Belgian Grand Prix
316,14,1991-09-08,Italian Grand Prix
317,27,1991-09-22,Portuguese Grand Prix
318,4,1991-09-29,Spanish Grand Prix
319,22,1991-10-20,Japanese Grand Prix
320,29,1991-11-03,Australian Grand Prix
321,33,1990-03-11,United States Grand Prix
322,18,1990-03-25,Brazilian Grand Prix
323,21,1990-05-13,San Marino Grand Prix
324,6,1990-05-27,Monaco Grand Prix
325,7,1990-06-10,Canadian Grand Prix
326,32,1990-06-24,Mexican Grand Prix
327,34,1990-07-08,French Grand Prix
328,9,1990-07-15,British Grand Prix
329,10,1990-07-29,German Grand Prix
330,11,1990-08-12,Hungarian Grand Prix
331,13,1990-08-26,Belgian Grand Prix
332,14,1990-09-09,Italian Grand Prix
333,27,1990-09-23,Portuguese Grand Prix
334,26,1990-09-30,Spanish Grand Prix
335,22,1990-10-21,Japanese Grand Prix
336,29,1990-11-04,Australian Grand Prix
337,3,2010-03-14,Bahrain Grand Prix
338,1,2010-03-28,Australian Grand Prix
339,2,2010-04-04,Malaysian Grand Prix
340,17,2010-04-18,Chinese Grand Prix
341,4,2010-05-09,Spanish Grand Prix
342,6,2010-05-16,Monaco Grand Prix
343,5,2010-05-30,Turkish Grand Prix
344,7,2010-06-13,Canadian Grand Prix
345,12,2010-06-27,European Grand Prix
346,9,2010-07-11,British Grand Prix
347,10,2010-07-25,German Grand Prix
348,11,2010-08-01,Hungarian Grand Prix
349,13,2010-08-29,Belgian Grand Prix
350,14,2010-09-12,Italian Grand Prix
351,15,2010-09-26,Singapore Grand Prix
352,22,2010-10-10,Japanese Grand Prix
353,35,2010-10-24,Korean Grand Prix
354,18,2010-11-07,Brazilian Grand Prix
355,24,2010-11-14,Abu Dhabi Grand Prix
356,36,1989-03-26,Brazilian Grand Prix
357,21,1989-04-23,San Marino Grand Prix
358,6,1989-05-07,Monaco Grand Prix
359,32,1989-05-28,Mexican Grand Prix
360,33,1989-06-04,United States Grand Prix
361,7,1989-06-18,Canadian Grand Prix
362,34,1989-07-09,French Grand Prix
363,9,1989-07-16,British Grand Prix
364,10,1989-07-30,German Grand Prix
365,11,1989-08-13,Hungarian Grand Prix
366,13,1989-08-27,Belgian Grand Prix
367,14,1989-09-10,Italian Grand Prix
368,27,1989-09-24,Portuguese Grand Prix
369,26,1989-10-01,Spanish Grand Prix
370,22,1989-10-22,Japanese Grand Prix
371,29,1989-11-05,Australian Grand Prix
372,36,1988-04-03,Brazilian Grand Prix
373,21,1988-05-01,San Marino Grand Prix
374,6,1988-05-15,Monaco Grand Prix
375,32,1988-05-29,Mexican Grand Prix
376,7,1988-06-12,Canadian Grand Prix
377,37,1988-06-19,Detroit Grand Prix
378,34,1988-07-03,French Grand Prix
379,9,1988-07-10,British Grand Prix
380,10,1988-07-24,German Grand Prix
381,11,1988-08-07,Hungarian Grand Prix
382,13,1988-08-28,Belgian Grand Prix
383,14,1988-09-11,Italian Grand Prix
384,27,1988-09-25,Portuguese Grand Prix
385,26,1988-10-02,Spanish Grand Prix
386,22,1988-10-30,Japanese Grand Prix
387,29,1988-11-13,Australian Grand Prix
388,36,1987-04-12,Brazilian Grand Prix
389,21,1987-05-03,San Marino Grand Prix
390,13,1987-05-17,Belgian Grand Prix
391,6,1987-05-31,Monaco Grand Prix
392,37,1987-06-21,Detroit Grand Prix
393,34,1987-07-05,French Grand Prix
394,9,1987-07-12,British Grand Prix
395,10,1987-07-26,German Grand Prix
396,11,1987-08-09,Hungarian Grand Prix
397,70,1987-08-16,Austrian Grand Prix
398,14,1987-09-06,Italian Grand Prix
399,27,1987-09-20,Portuguese Grand Prix
400,26,1987-09-27,Spanish Grand Prix
401,32,1987-10-18,Mexican Grand Prix
402,22,1987-11-01,Japanese Grand Prix
403,29,1987-11-15,Australian Grand Prix
404,36,1986-03-23,Brazilian Grand Prix
405,26,1986-04-13,Spanish Grand Prix
406,21,1986-04-27,San Marino Grand Prix
407,6,1986-05-11,Monaco Grand Prix
408,13,1986-05-25,Belgian Grand Prix
409,7,1986-06-15,Canadian Grand Prix
410,37,1986-06-22,Detroit Grand Prix
411,34,1986-07-06,French Grand Prix
412,38,1986-07-13,British Grand Prix
413,10,1986-07-27,German Grand Prix
414,11,1986-08-10,Hungarian Grand Prix
415,70,1986-08-17,Austrian Grand Prix
416,14,1986-09-07,Italian Grand Prix
417,27,1986-09-21,Portuguese Grand Prix
418,32,1986-10-12,Mexican Grand Prix
419,29,1986-10-26,Australian Grand Prix
420,36,1985-04-07,Brazilian Grand Prix
421,27,1985-04-21,Portuguese Grand Prix
422,21,1985-05-05,San Marino Grand Prix
423,6,1985-05-19,Monaco Grand Prix
424,7,1985-06-16,Canadian Grand Prix
425,37,1985-06-23,Detroit Grand Prix
426,34,1985-07-07,French Grand Prix
427,9,1985-07-21,British Grand Prix
428,20,1985-08-04,German Grand Prix
429,70,1985-08-18,Austrian Grand Prix
430,39,1985-08-25,Dutch Grand Prix
431,14,1985-09-08,Italian Grand Prix
432,13,1985-09-15,Belgian Grand Prix
433,38,1985-10-06,European Grand Prix
434,30,1985-10-19,South African Grand Prix
435,29,1985-11-03,Australian Grand Prix
436,36,1984-03-25,Brazilian Grand Prix
437,30,1984-04-07,South African Grand Prix
438,40,1984-04-29,Belgian Grand Prix
439,21,1984-05-06,San Marino Grand Prix
440,41,1984-05-20,French Grand Prix
441,6,1984-06-03,Monaco Grand Prix
442,7,1984-06-17,Canadian Grand Prix
443,37,1984-06-24,Detroit Grand Prix
444,42,1984-07-08,Dallas Grand Prix
445,38,1984-07-22,British Grand Prix
446,10,1984-08-05,German Grand Prix
447,70,1984-08-19,Austrian Grand Prix
448,39,1984-08-26,Dutch Grand Prix
449,14,1984-09-09,Italian Grand Prix
450,20,1984-10-07,European Grand Prix
451,27,1984-10-21,Portuguese Grand Prix
452,36,1983-03-13,Brazilian Grand Prix
453,43,1983-03-27,United States Grand Prix West
454,34,1983-04-17,French Grand Prix
455,21,1983-05-01,San Marino Grand Prix
456,6,1983-05-15,Monaco Grand Prix
457,13,1983-05-22,Belgian Grand Prix
458,37,1983-06-05,Detroit Grand Prix
459,7,1983-06-12,Canadian Grand Prix
460,9,1983-07-16,British Grand Prix
461,10,1983-08-07,German Grand Prix
462,70,1983-08-14,Austrian Grand Prix
463,39,1983-08-28,Dutch Grand Prix
464,14,1983-09-11,Italian Grand Prix
465,38,1983-09-25,European Grand Prix
466,30,1983-10-15,South African Grand Prix
467,30,1982-01-23,South African Grand Prix
468,36,1982-03-21,Brazilian Grand Prix
469,43,1982-04-04,United States Grand Prix West
470,21,1982-04-25,San Marino Grand Prix
471,40,1982-05-09,Belgian Grand Prix
472,6,1982-05-23,Monaco Grand Prix
473,37,1982-06-06,Detroit Grand Prix
474,7,1982-06-13,Canadian Grand Prix
475,39,1982-07-03,Dutch Grand Prix
476,38,1982-07-18,British Grand Prix
477,34,1982-07-25,French Grand Prix
478,10,1982-08-08,German Grand Prix
479,70,1982-08-15,Austrian Grand Prix
480,41,1982-08-29,Swiss Grand Prix
481,14,1982-09-12,Italian Grand Prix
482,44,1982-09-25,Caesars Palace Grand Prix
483,43,1981-03-15,United States Grand Prix West
484,36,1981-03-29,Brazilian Grand Prix
485,25,1981-04-12,Argentine Grand Prix
486,21,1981-05-03,San Marino Grand Prix
487,40,1981-05-17,Belgian Grand Prix
488,6,1981-05-31,Monaco Grand Prix
489,45,1981-06-21,Spanish Grand Prix
490,41,1981-07-05,French Grand Prix
491,9,1981-07-18,British Grand Prix
492,10,1981-08-02,German Grand Prix
493,70,1981-08-16,Austrian Grand Prix
494,39,1981-08-30,Dutch Grand Prix
495,14,1981-09-13,Italian Grand Prix
496,7,1981-09-27,Canadian Grand Prix
497,44,1981-10-17,Caesars Palace Grand Prix
498,25,1980-01-13,Argentine Grand Prix
499,18,1980-01-27,Brazilian Grand Prix
500,30,1980-03-01,South African Grand Prix
501,43,1980-03-30,United States Grand Prix West
502,40,1980-05-04,Belgian Grand Prix
503,6,1980-05-18,Monaco Grand Prix
504,34,1980-06-29,French Grand Prix
505,38,1980-07-13,British Grand Prix
506,10,1980-08-10,German Grand Prix
507,70,1980-08-17,Austrian Grand Prix
508,39,1980-08-31,Dutch Grand Prix
509,21,1980-09-14,Italian Grand Prix
510,7,1980-09-28,Canadian Grand Prix
511,46,1980-10-05,United States Grand Prix
512,25,1979-01-21,Argentine Grand Prix
513,18,1979-02-04,Brazilian Grand Prix
514,30,1979-03-03,South African Grand Prix
515,43,1979-04-08,United States Grand Prix West
516,45,1979-04-29,Spanish Grand Prix
517,40,1979-05-13,Belgian Grand Prix
518,6,1979-05-27,Monaco Grand Prix
519,41,1979-07-01,French Grand Prix
520,9,1979-07-14,British Grand Prix
521,10,1979-07-29,German Grand Prix
522,70,1979-08-12,Austrian Grand Prix
523,39,1979-08-26,Dutch Grand Prix
524,14,1979-09-09,Italian Grand Prix
525,7,1979-09-30,Canadian Grand Prix
526,46,1979-10-07,United States Grand Prix
527,25,1978-01-15,Argentine Grand Prix
528,36,1978-01-29,Brazilian Grand Prix
529,30,1978-03-04,South African Grand Prix
530,43,1978-04-02,United States Grand Prix West
531,6,1978-05-07,Monaco Grand Prix
532,40,1978-05-21,Belgian Grand Prix
533,45,1978-06-04,Spanish Grand Prix
534,47,1978-06-17,Swedish Grand Prix
535,34,1978-07-02,French Grand Prix
536,38,1978-07-16,British Grand Prix
537,10,1978-07-30,German Grand Prix
538,70,1978-08-13,Austrian Grand Prix
539,39,1978-08-27,Dutch Grand Prix
540,14,1978-09-10,Italian Grand Prix
541,46,1978-10-01,United States Grand Prix
542,7,1978-10-08,Canadian Grand Prix
543,25,1977-01-09,Argentine Grand Prix
544,18,1977-01-23,Brazilian Grand Prix
545,30,1977-03-05,South African Grand Prix
546,43,1977-04-03,United States Grand Prix West
547,45,1977-05-08,Spanish Grand Prix
548,6,1977-05-22,Monaco Grand Prix
549,40,1977-06-05,Belgian Grand Prix
550,47,1977-06-19,Swedish Grand Prix
551,41,1977-07-03,French Grand Prix
552,9,1977-07-16,British Grand Prix
553,10,1977-07-31,German Grand Prix
554,70,1977-08-14,Austrian Grand Prix
555,39,1977-08-28,Dutch Grand Prix
556,14,1977-09-11,Italian Grand Prix
557,46,1977-10-02,United States Grand Prix
558,48,1977-10-09,Canadian Grand Prix
559,16,1977-10-23,Japanese Grand Prix
560,18,1976-01-25,Brazilian Grand Prix
561,30,1976-03-06,South African Grand Prix
562,43,1976-03-28,United States Grand Prix West
563,45,1976-05-02,Spanish Grand Prix
564,40,1976-05-16,Belgian Grand Prix
565,6,1976-05-30,Monaco Grand Prix
566,47,1976-06-13,Swedish Grand Prix
567,34,1976-07-04,French Grand Prix
568,38,1976-07-18,British Grand Prix
569,20,1976-08-01,German Grand Prix
570,70,1976-08-15,Austrian Grand Prix
571,39,1976-08-29,Dutch Grand Prix
572,14,1976-09-12,Italian Grand Prix
573,48,1976-10-03,Canadian Grand Prix
574,46,1976-10-10,United States Grand Prix
575,16,1976-10-24,Japanese Grand Prix
576,25,1975-01-12,Argentine Grand Prix
577,18,1975-01-26,Brazilian Grand Prix
578,30,1975-03-01,South African Grand Prix
579,49,1975-04-27,Spanish Grand Prix
580,6,1975-05-11,Monaco Grand Prix
581,40,1975-05-25,Belgian Grand Prix
582,47,1975-06-08,Swedish Grand Prix
583,39,1975-06-22,Dutch Grand Prix
584,34,1975-07-06,French Grand Prix
585,9,1975-07-19,British Grand Prix
586,20,1975-08-03,German Grand Prix
587,70,1975-08-17,Austrian Grand Prix
588,14,1975-09-07,Italian Grand Prix
589,46,1975-10-05,United States Grand Prix
590,25,1974-01-13,Argentine Grand Prix
591,18,1974-01-27,Brazilian Grand Prix
592,30,1974-03-30,South African Grand Prix
593,45,1974-04-28,Spanish Grand Prix
594,50,1974-05-12,Belgian Grand Prix
595,6,1974-05-26,Monaco Grand Prix
596,47,1974-06-09,Swedish Grand Prix
597,39,1974-06-23,Dutch Grand Prix
598,41,1974-07-07,French Grand Prix
599,38,1974-07-20,British Grand Prix
600,20,1974-08-04,German Grand Prix
601,70,1974-08-18,Austrian Grand Prix
602,14,1974-09-08,Italian Grand Prix
603,48,1974-09-22,Canadian Grand Prix
604,46,1974-10-06,United States Grand Prix
605,25,1973-01-28,Argentine Grand Prix
606,18,1973-02-11,Brazilian Grand Prix
607,30,1973-03-03,South African Grand Prix
608,49,1973-04-29,Spanish Grand Prix
609,40,1973-05-20,Belgian Grand Prix
610,6,1973-06-03,Monaco Grand Prix
611,47,1973-06-17,Swedish Grand Prix
612,34,1973-07-01,French Grand Prix
613,9,1973-07-14,British Grand Prix
614,39,1973-07-29,Dutch Grand Prix
615,20,1973-08-05,German Grand Prix
616,70,1973-08-19,Austrian Grand Prix
617,14,1973-09-09,Italian Grand Prix
618,48,1973-09-23,Canadian Grand Prix
619,46,1973-10-07,United States Grand Prix
620,25,1972-01-23,Argentine Grand Prix
621,30,1972-03-04,South African Grand Prix
622,45,1972-05-01,Spanish Grand Prix
623,6,1972-05-14,Monaco Grand Prix
624,50,1972-06-04,Belgian Grand Prix
625,51,1972-07-02,French Grand Prix
626,38,1972-07-15,British Grand Prix
627,20,1972-07-30,German Grand Prix
628,70,1972-08-13,Austrian Grand Prix
629,14,1972-09-10,Italian Grand Prix
630,48,1972-09-24,Canadian Grand Prix
631,46,1972-10-08,United States Grand Prix
632,30,1971-03-06,South African Grand Prix
633,49,1971-04-18,Spanish Grand Prix
634,6,1971-05-23,Monaco Grand Prix
635,39,1971-06-20,Dutch Grand Prix
636,34,1971-07-04,French Grand Prix
637,9,1971-07-17,British Grand Prix
638,20,1971-08-01,German Grand Prix
639,70,1971-08-15,Austrian Grand Prix
640,14,1971-09-05,Italian Grand Prix
641,48,1971-09-19,Canadian Grand Prix
642,46,1971-10-03,United States Grand Prix
643,30,1970-03-07,South African Grand Prix
644,45,1970-04-19,Spanish Grand Prix
645,6,1970-05-10,Monaco Grand Prix
646,13,1970-06-07,Belgian Grand Prix
647,39,1970-06-21,Dutch Grand Prix
648,51,1970-07-05,French Grand Prix
649,38,1970-07-18,British Grand Prix
650,10,1970-08-02,German Grand Prix
651,70,1970-08-16,Austrian Grand Prix
652,14,1970-09-06,Italian Grand Prix
653,52,1970-09-20,Canadian Grand Prix
654,46,1970-10-04,United States Grand Prix
655,32,1970-10-25,Mexican Grand Prix
656,30,1969-03-01,South African Grand Prix
657,49,1969-05-04,Spanish Grand Prix
658,6,1969-05-18,Monaco Grand Prix
659,39,1969-06-21,Dutch Grand Prix
660,51,1969-07-06,French Grand Prix
661,9,1969-07-19,British Grand Prix
662,20,1969-08-03,German Grand Prix
663,14,1969-09-07,Italian Grand Prix
664,48,1969-09-20,Canadian Grand Prix
665,46,1969-10-05,United States Grand Prix
666,32,1969-10-19,Mexican Grand Prix
667,30,1968-01-01,South African Grand Prix
668,45,1968-05-12,Spanish Grand Prix
669,6,1968-05-26,Monaco Grand Prix
670,13,1968-06-09,Belgian Grand Prix
671,39,1968-06-23,Dutch Grand Prix
672,53,1968-07-07,French Grand Prix
673,38,1968-07-20,British Grand Prix
674,20,1968-08-04,German Grand Prix
675,14,1968-09-08,Italian Grand Prix
676,52,1968-09-22,Canadian Grand Prix
677,46,1968-10-06,United States Grand Prix
678,32,1968-11-03,Mexican Grand Prix
679,30,1967-01-02,South African Grand Prix
680,6,1967-05-07,Monaco Grand Prix
681,39,1967-06-04,Dutch Grand Prix
682,13,1967-06-18,Belgian Grand Prix
683,54,1967-07-02,French Grand Prix
684,9,1967-07-15,British Grand Prix
685,20,1967-08-06,German Grand Prix
686,48,1967-08-27,Canadian Grand Prix
687,14,1967-09-10,Italian Grand Prix
688,46,1967-10-01,United States Grand Prix
689,32,1967-10-22,Mexican Grand Prix
690,6,1966-05-22,Monaco Grand Prix
691,13,1966-06-12,Belgian Grand Prix
692,55,1966-07-03,French Grand Prix
693,38,1966-07-16,British Grand Prix
694,39,1966-07-24,Dutch Grand Prix
695,20,1966-08-07,German Grand Prix
696,14,1966-09-04,Italian Grand Prix
697,46,1966-10-02,United States Grand Prix
698,32,1966-10-23,Mexican Grand Prix
699,56,1965-01-01,South African Grand Prix
700,6,1965-05-30,Monaco Grand Prix
701,13,1965-06-13,Belgian Grand Prix
702,51,1965-06-27,French Grand Prix
703,9,1965-07-10,British Grand Prix
704,39,1965-07-18,Dutch Grand Prix
705,20,1965-08-01,German Grand Prix
706,14,1965-09-12,Italian Grand Prix
707,46,1965-10-03,United States Grand Prix
708,32,1965-10-24,Mexican Grand Prix
709,6,1964-05-10,Monaco Grand Prix
710,39,1964-05-24,Dutch Grand Prix
711,13,1964-06-14,Belgian Grand Prix
712,53,1964-06-28,French Grand Prix
713,38,1964-07-11,British Grand Prix
714,20,1964-08-02,German Grand Prix
715,57,1964-08-23,Austrian Grand Prix
716,14,1964-09-06,Italian Grand Prix
717,46,1964-10-04,United States Grand Prix
718,32,1964-10-25,Mexican Grand Prix
719,6,1963-05-26,Monaco Grand Prix
720,13,1963-06-09,Belgian Grand Prix
721,39,1963-06-23,Dutch Grand Prix
722,55,1963-06-30,French Grand Prix
723,9,1963-07-20,British Grand Prix
724,20,1963-08-04,German Grand Prix
725,14,1963-09-08,Italian Grand Prix
726,46,1963-10-06,United States Grand Prix
727,32,1963-10-27,Mexican Grand Prix
728,56,1963-12-28,South African Grand Prix
729,39,1962-05-20,Dutch Grand Prix
730,6,1962-06-03,Monaco Grand Prix
731,13,1962-06-17,Belgian Grand Prix
732,53,1962-07-08,French Grand Prix
733,58,1962-07-21,British Grand Prix
734,20,1962-08-05,German Grand Prix
735,14,1962-09-16,Italian Grand Prix
736,46,1962-10-07,United States Grand Prix
737,56,1962-12-29,South African Grand Prix
738,6,1961-05-14,Monaco Grand Prix
739,39,1961-05-22,Dutch Grand Prix
740,13,1961-06-18,Belgian Grand Prix
741,55,1961-07-02,French Grand Prix
742,58,1961-07-15,British Grand Prix
743,20,1961-08-06,German Grand Prix
744,14,1961-09-10,Italian Grand Prix
745,46,1961-10-08,United States Grand Prix
746,25,1960-02-07,Argentine Grand Prix
747,6,1960-05-29,Monaco Grand Prix
748,19,1960-05-30,Indianapolis 500
749,39,1960-06-06,Dutch Grand Prix
750,13,1960-06-19,Belgian Grand Prix
751,55,1960-07-03,French Grand Prix
752,9,1960-07-16,British Grand Prix
753,59,1960-08-14,Portuguese Grand Prix
754,14,1960-09-04,Italian Grand Prix
755,60,1960-11-20,United States Grand Prix
756,6,1959-05-10,Monaco Grand Prix
757,19,1959-05-30,Indianapolis 500
758,39,1959-05-31,Dutch Grand Prix
759,55,1959-07-05,French Grand Prix
760,58,1959-07-18,British Grand Prix
761,61,1959-08-02,German Grand Prix
762,62,1959-08-23,Portuguese Grand Prix
763,14,1959-09-13,Italian Grand Prix
764,63,1959-12-12,United States Grand Prix
765,25,1958-01-19,Argentine Grand Prix
766,6,1958-05-18,Monaco Grand Prix
767,39,1958-05-26,Dutch Grand Prix
768,19,1958-05-30,Indianapolis 500
769,13,1958-06-15,Belgian Grand Prix
770,55,1958-07-06,French Grand Prix
771,9,1958-07-19,British Grand Prix
772,20,1958-08-03,German Grand Prix
773,59,1958-08-24,Portuguese Grand Prix
774,14,1958-09-07,Italian Grand Prix
775,64,1958-10-19,Moroccan Grand Prix
776,25,1957-01-13,Argentine Grand Prix
777,6,1957-05-19,Monaco Grand Prix
778,19,1957-05-30,Indianapolis 500
779,53,1957-07-07,French Grand Prix
780,58,1957-07-20,British Grand Prix
781,20,1957-08-04,German Grand Prix
782,65,1957-08-18,Pescara Grand Prix
783,14,1957-09-08,Italian Grand Prix
784,25,1956-01-22,Argentine Grand Prix
785,6,1956-05-13,Monaco Grand Prix
786,19,1956-05-30,Indianapolis 500
787,13,1956-06-03,Belgian Grand Prix
788,55,1956-07-01,French Grand Prix
789,9,1956-07-14,British Grand Prix
790,20,1956-08-05,German Grand Prix
791,14,1956-09-02,Italian Grand Prix
792,25,1955-01-16,Argentine Grand Prix
793,6,1955-05-22,Monaco Grand Prix
794,19,1955-05-30,Indianapolis 500
795,13,1955-06-05,Belgian Grand Prix
796,39,1955-06-19,Dutch Grand Prix
797,58,1955-07-16,British Grand Prix
798,14,1955-09-11,Italian Grand Prix
799,25,1954-01-17,Argentine Grand Prix
800,19,1954-05-31,Indianapolis 500
801,13,1954-06-20,Belgian Grand Prix
802,55,1954-07-04,French Grand Prix
803,9,1954-07-17,British Grand Prix
804,20,1954-08-01,German Grand Prix
805,66,1954-08-22,Swiss Grand Prix
806,14,1954-09-05,Italian Grand Prix
807,67,1954-10-24,Spanish Grand Prix
808,25,1953-01-18,Argentine Grand Prix
809,19,1953-05-30,Indianapolis 500
810,39,1953-06-07,Dutch Grand Prix
811,13,1953-06-21,Belgian Grand Prix
812,55,1953-07-05,French Grand Prix
813,9,1953-07-18,British Grand Prix
814,20,1953-08-02,German Grand Prix
815,66,1953-08-23,Swiss Grand Prix
816,14,1953-09-13,Italian Grand Prix
817,66,1952-05-18,Swiss Grand Prix
818,19,1952-05-30,Indianapolis 500
819,13,1952-06-22,Belgian Grand Prix
820,53,1952-07-06,French Grand Prix
821,9,1952-07-19,British Grand Prix
822,20,1952-08-03,German Grand Prix
823,39,1952-08-17,Dutch Grand Prix
824,14,1952-09-07,Italian Grand Prix
825,66,1951-05-27,Swiss Grand Prix
826,19,1951-05-30,Indianapolis 500
827,13,1951-06-17,Belgian Grand Prix
828,55,1951-07-01,French Grand Prix
829,9,1951-07-14,British Grand Prix
830,20,1951-07-29,German Grand Prix
831,14,1951-09-16,Italian Grand Prix
832,67,1951-10-28,Spanish Grand Prix
833,9,1950-05-13,British Grand Prix
834,6,1950-05-21,Monaco Grand Prix
835,19,1950-05-30,Indianapolis 500
836,66,1950-06-04,Swiss Grand Prix
837,13,1950-06-18,Belgian Grand Prix
838,55,1950-07-02,French Grand Prix
839,14,1950-09-03,Italian Grand Prix
841,1,2011-03-27,Australian Grand Prix
842,2,2011-04-10,Malaysian Grand Prix
843,17,2011-04-17,Chinese Grand Prix
844,5,2011-05-08,Turkish Grand Prix
845,4,2011-05-22,Spanish Grand Prix
846,6,2011-05-29,Monaco Grand Prix
847,7,2011-06-12,Canadian Grand Prix
848,12,2011-06-26,European Grand Prix
849,9,2011-07-10,British Grand Prix
850,20,2011-07-24,German Grand Prix
851,11,2011-07-31,Hungarian Grand Prix
852,13,2011-08-28,Belgian Grand Prix
853,14,2011-09-11,Italian Grand Prix
854,15,2011-09-25,Singapore Grand Prix
855,22,2011-10-09,Japanese Grand Prix
856,35,2011-10-16,Korean Grand Prix
857,68,2011-10-30,Indian Grand Prix
858,24,2011-11-13,Abu Dhabi Grand Prix
859,18,2011-11-27,Brazilian Grand Prix
860,1,2012-03-18,Australian Grand Prix
861,2,2012-03-25,Malaysian Grand Prix
862,17,2012-04-15,Chinese Grand Prix
863,3,2012-04-22,Bahrain Grand Prix
864,4,2012-05-13,Spanish Grand Prix
865,6,2012-05-27,Monaco Grand Prix
866,7,2012-06-10,Canadian Grand Prix
867,12,2012-06-24,European Grand Prix
868,9,2012-07-08,British Grand Prix
869,10,2012-07-22,German Grand Prix
870,11,2012-07-29,Hungarian Grand Prix
871,13,2012-09-02,Belgian Grand Prix
872,14,2012-09-09,Italian Grand Prix
873,15,2012-09-23,Singapore Grand Prix
874,22,2012-10-07,Japanese Grand Prix
875,35,2012-10-14,Korean Grand Prix
876,68,2012-10-28,Indian Grand Prix
877,24,2012-11-04,Abu Dhabi Grand Prix
878,69,2012-11-18,United States Grand Prix
879,18,2012-11-25,Brazilian Grand Prix
880,1,2013-03-17,Australian Grand Prix
881,2,2013-03-24,Malaysian Grand Prix
882,17,2013-04-14,Chinese Grand Prix
883,3,2013-04-21,Bahrain Grand Prix
884,4,2013-05-12,Spanish Grand Prix
885,6,2013-05-26,Monaco Grand Prix
886,7,2013-06-09,Canadian Grand Prix
887,9,2013-06-30,British Grand Prix
888,20,2013-07-07,German Grand Prix
890,11,2013-07-28,Hungarian Grand Prix
891,13,2013-08-25,Belgian Grand Prix
892,14,2013-09-08,Italian Grand Prix
893,15,2013-09-22,Singapore Grand Prix
894,35,2013-10-06,Korean Grand Prix
895,22,2013-10-13,Japanese Grand Prix
896,68,2013-10-27,Indian Grand Prix
897,24,2013-11-03,Abu Dhabi Grand Prix
898,69,2013-11-17,United States Grand Prix
899,18,2013-11-24,Brazilian Grand Prix
900,1,2014-03-16,Australian Grand Prix
901,2,2014-03-30,Malaysian Grand Prix
902,3,2014-04-06,Bahrain Grand Prix
903,17,2014-04-20,Chinese Grand Prix
904,4,2014-05-11,Spanish Grand Prix
905,6,2014-05-25,Monaco Grand Prix
906,7,2014-06-08,Canadian Grand Prix
907,70,2014-06-22,Austrian Grand Prix
908,9,2014-07-06,British Grand Prix
909,10,2014-07-20,German Grand Prix
910,11,2014-07-27,Hungarian Grand Prix
911,13,2014-08-24,Belgian Grand Prix
912,14,2014-09-07,Italian Grand Prix
913,15,2014-09-21,Singapore Grand Prix
914,22,2014-10-05,Japanese Grand Prix
915,71,2014-10-12,Russian Grand Prix
916,69,2014-11-02,United States Grand Prix
917,18,2014-11-09,Brazilian Grand Prix
918,24,2014-11-23,Abu Dhabi Grand Prix
931,6,2015-05-24,Monaco Grand Prix
932,7,2015-06-07,Canadian Grand Prix
929,3,2015-04-19,Bahrain Grand Prix
930,4,2015-05-10,Spanish Grand Prix
928,17,2015-04-12,Chinese Grand Prix
926,1,2015-03-15,Australian Grand Prix
927,2,2015-03-29,Malaysian Grand Prix
933,70,2015-06-21,Austrian Grand Prix
934,9,2015-07-05,British Grand Prix
936,11,2015-07-26,Hungarian Grand Prix
937,13,2015-08-23,Belgian Grand Prix
938,14,2015-09-06,Italian Grand Prix
939,15,2015-09-20,Singapore Grand Prix
940,22,2015-09-27,Japanese Grand Prix
941,71,2015-10-11,Russian Grand Prix
942,69,2015-10-25,United States Grand Prix
943,32,2015-11-01,Mexican Grand Prix
944,18,2015-11-15,Brazilian Grand Prix
945,24,2015-11-29,Abu Dhabi Grand Prix
948,1,2016-03-20,Australian Grand Prix
949,3,2016-04-03,Bahrain Grand Prix
950,17,2016-04-17,Chinese Grand Prix
951,71,2016-05-01,Russian Grand Prix
952,4,2016-05-15,Spanish Grand Prix
953,6,2016-05-29,Monaco Grand Prix
954,7,2016-06-12,Canadian Grand Prix
955,73,2016-06-19,European Grand Prix
956,70,2016-07-03,Austrian Grand Prix
957,9,2016-07-10,British Grand Prix
958,11,2016-07-24,Hungarian Grand Prix
959,10,2016-07-31,German Grand Prix
960,13,2016-08-28,Belgian Grand Prix
961,14,2016-09-04,Italian Grand Prix
962,15,2016-09-18,Singapore Grand Prix
963,2,2016-10-02,Malaysian Grand Prix
964,22,2016-10-09,Japanese Grand Prix
965,69,2016-10-23,United States Grand Prix
966,32,2016-10-30,Mexican Grand Prix
967,18,2016-11-13,Brazilian Grand Prix
968,24,2016-11-27,Abu Dhabi Grand Prix
969,1,2017-03-26,Australian Grand Prix
970,17,2017-04-09,Chinese Grand Prix
971,3,2017-04-16,Bahrain Grand Prix
972,71,2017-04-30,Russian Grand Prix
973,4,2017-05-14,Spanish Grand Prix
974,6,2017-05-28,Monaco Grand Prix
975,7,2017-06-11,Canadian Grand Prix
976,73,2017-06-25,Azerbaijan Grand Prix
977,70,2017-07-09,Austrian Grand Prix
978,9,2017-07-16,British Grand Prix
979,11,2017-07-30,Hungarian Grand Prix
980,13,2017-08-27,Belgian Grand Prix
981,14,2017-09-03,Italian Grand Prix
982,15,2017-09-17,Singapore Grand Prix
983,2,2017-10-01,Malaysian Grand Prix
984,22,2017-10-08,Japanese Grand Prix
985,69,2017-10-22,United States Grand Prix
986,32,2017-10-29,Mexican Grand Prix
987,18,2017-11-12,Brazilian Grand Prix
988,24,2017-11-26,Abu Dhabi Grand Prix
989,1,2018-03-25,Australian Grand Prix
990,3,2018-04-08,Bahrain Grand Prix
991,17,2018-04-15,Chinese Grand Prix
992,73,2018-04-29,Azerbaijan Grand Prix
993,4,2018-05-13,Spanish Grand Prix
994,6,2018-05-27,Monaco Grand Prix
995,7,2018-06-10,Canadian Grand Prix
996,34,2018-06-24,French Grand Prix
997,70,2018-07-01,Austrian Grand Prix
998,9,2018-07-08,British Grand Prix
999,10,2018-07-22,German Grand Prix
1000,11,2018-07-29,Hungarian Grand Prix
1001,13,2018-08-26,Belgian Grand Prix
1002,14,2018-09-02,Italian Grand Prix
1003,15,2018-09-16,Singapore Grand Prix
1004,71,2018-09-30,Russian Grand Prix
1005,22,2018-10-07,Japanese Grand Prix
1006,69,2018-10-21,United States Grand Prix
1007,32,2018-10-28,Mexican Grand Prix
1008,18,2018-11-11,Brazilian Grand Prix
1009,24,2018-11-25,Abu Dhabi Grand Prix
1010,1,2019-03-17,Australian Grand Prix
1011,3,2019-03-31,Bahrain Grand Prix
1012,17,2019-04-14,Chinese Grand Prix
1013,73,2019-04-28,Azerbaijan Grand Prix
1014,4,2019-05-12,Spanish Grand Prix
1015,6,2019-05-26,Monaco Grand Prix
1016,7,2019-06-09,Canadian Grand Prix
1017,34,2019-06-23,French Grand Prix
1018,70,2019-06-30,Austrian Grand Prix
1019,9,2019-07-14,British Grand Prix
1020,10,2019-07-28,German Grand Prix
1021,11,2019-08-04,Hungarian Grand Prix
1022,13,2019-09-01,Belgian Grand Prix
1023,14,2019-09-08,Italian Grand Prix
1024,15,2019-09-22,Singapore Grand Prix
1025,71,2019-09-29,Russian Grand Prix
1026,22,2019-10-13,Japanese Grand Prix
1027,32,2019-10-27,Mexican Grand Prix
1028,69,2019-11-03,United States Grand Prix
1029,18,2019-11-17,Brazilian Grand Prix
1030,24,2019-12-01,Abu Dhabi Grand Prix
1031,70,2020-07-05,Austrian Grand Prix
1032,70,2020-07-12,Styrian Grand Prix
1033,11,2020-07-19,Hungarian Grand Prix
1034,9,2020-08-02,British Grand Prix
1035,9,2020-08-09,70th Anniversary Grand Prix
1036,4,2020-08-16,Spanish Grand Prix
1037,13,2020-08-30,Belgian Grand Prix
1038,14,2020-09-06,Italian Grand Prix
1039,76,2020-09-13,Tuscan Grand Prix
1040,71,2020-09-27,Russian Grand Prix
1041,20,2020-10-11,Eifel Grand Prix
1042,75,2020-10-25,Portuguese Grand Prix
1043,21,2020-11-01,Emilia Romagna Grand Prix
1044,5,2020-11-15,Turkish Grand Prix
1045,3,2020-11-29,Bahrain Grand Prix
1046,3,2020-12-06,Sakhir Grand Prix
1047,24,2020-12-13,Abu Dhabi Grand Prix
1053,21,2021-04-18,Emilia Romagna Grand Prix
1074,3,2022-03-20,Bahrain Grand Prix
1052,3,2021-03-28,Bahrain Grand Prix
1051,78,2021-11-21,Qatar Grand Prix
1054,75,2021-05-02,Portuguese Grand Prix
1055,4,2021-05-09,Spanish Grand Prix
1056,6,2021-05-23,Monaco Grand Prix
1057,73,2021-06-06,Azerbaijan Grand Prix
1058,70,2021-06-27,Styrian Grand Prix
1059,34,2021-06-20,French Grand Prix
1060,70,2021-07-04,Austrian Grand Prix
1061,9,2021-07-18,British Grand Prix
1062,11,2021-08-01,Hungarian Grand Prix
1063,13,2021-08-29,Belgian Grand Prix
1064,39,2021-09-05,Dutch Grand Prix
1065,14,2021-09-12,Italian Grand Prix
1066,71,2021-09-26,Russian Grand Prix
1067,5,2021-10-10,Turkish Grand Prix
1069,69,2021-10-24,United States Grand Prix
1070,32,2021-11-07,Mexico City Grand Prix
1071,18,2021-11-14,São Paulo Grand Prix
1072,77,2021-12-05,Saudi Arabian Grand Prix
1073,24,2021-12-12,Abu Dhabi Grand Prix
1075,77,2022-03-27,Saudi Arabian Grand Prix
1076,1,2022-04-10,Australian Grand Prix
1077,21,2022-04-24,Emilia Romagna Grand Prix
1078,79,2022-05-08,Miami Grand Prix
1079,4,2022-05-22,Spanish Grand Prix
1080,6,2022-05-29,Monaco Grand Prix
1081,73,2022-06-12,Azerbaijan Grand Prix
1082,7,2022-06-19,Canadian Grand Prix
1083,9,2022-07-03,British Grand Prix
1084,70,2022-07-10,Austrian Grand Prix
1085,34,2022-07-24,French Grand Prix
1086,11,2022-07-31,Hungarian Grand Prix
1087,13,2022-08-28,Belgian Grand Prix
1088,39,2022-09-04,Dutch Grand Prix
1089,14,2022-09-11,Italian Grand Prix
1091,15,2022-10-02,Singapore Grand Prix
1092,22,2022-10-09,Japanese Grand Prix
1093,69,2022-10-23,United States Grand Prix
1094,32,2022-10-30,Mexico City Grand Prix
1095,18,2022-11-13,São Paulo Grand Prix
1096,24,2022-11-20,Abu Dhabi Grand Prix
1098,3,2023-03-05,Bahrain Grand Prix
1099,77,2023-03-19,Saudi Arabian Grand Prix
1100,1,2023-04-02,Australian Grand Prix
1101,73,2023-04-30,Azerbaijan Grand Prix
1102,79,2023-05-07,Miami Grand Prix
1104,6,2023-05-28,Monaco Grand Prix
1105,4,2023-06-04,Spanish Grand Prix
1106,7,2023-06-18,Canadian Grand Prix
1107,70,2023-07-02,Austrian Grand Prix
1108,9,2023-07-09,British Grand Prix
1109,11,2023-07-23,Hungarian Grand Prix
1110,13,2023-07-30,Belgian Grand Prix
1111,39,2023-08-27,Dutch Grand Prix
1112,14,2023-09-03,Italian Grand Prix
1113,15,2023-09-17,Singapore Grand Prix
1114,22,2023-09-24,Japanese Grand Prix
1115,78,2023-10-08,Qatar Grand Prix
1116,69,2023-10-22,United States Grand Prix
1117,32,2023-10-29,Mexico City Grand Prix
1118,18,2023-11-05,São Paulo Grand Prix
1119,80,2023-11-19,Las Vegas Grand Prix
1120,24,2023-11-26,Abu Dhabi Grand Prix
1121,3,2024-03-02,Bahrain Grand Prix
1122,77,2024-03-09,Saudi Arabian Grand Prix
1123,1,2024-03-24,Australian Grand Prix
1124,22,2024-04-07,Japanese Grand Prix
1125,17,2024-04-21,Chinese Grand Prix
1126,79,2024-05-05,Miami Grand Prix
1127,21,2024-05-19,Emilia Romagna Grand Prix
1128,6,2024-05-26,Monaco Grand Prix
1129,7,2024-06-09,Canadian Grand Prix
1130,4,2024-06-23,Spanish Grand Prix
1131,70,2024-06-30,Austrian Grand Prix
1132,9,2024-07-07,British Grand Prix
1133,11,2024-07-21,Hungarian Grand Prix
1134,13,2024-07-28,Belgian Grand Prix
1135,39,2024-08-25,Dutch Grand Prix
1136,14,2024-09-01,Italian Grand Prix
1137,73,2024-09-15,Azerbaijan Grand Prix
1138,15,2024-09-22,Singapore Grand Prix
1139,69,2024-10-20,United States Grand Prix
1140,32,2024-10-27,Mexico City Grand Prix
1141,18,2024-11-03,São Paulo Grand Prix
1142,80,2024-11-23,Las Vegas Grand Prix
1143,78,2024-12-01,Qatar Grand Prix
1144,24,2024-12-08,Abu Dhabi Grand Prix
