raceId,date,name
1,2009-03-29,Australian Grand Prix
2,2009-04-05,Malaysian Grand Prix
3,2009-04-19,Chinese Grand Prix
4,2009-04-26,Bahrain Grand Prix
5,2009-05-10,Spanish Grand Prix
6,2009-05-24,Monaco Grand Prix
7,2009-06-07,Turkish Grand Prix
8,2009-06-21,British Grand Prix
9,2009-07-12,German Grand Prix
10,2009-07-26,Hungarian Grand Prix
11,2009-08-23,European Grand Prix
12,2009-08-30,Belgian Grand Prix
13,2009-09-13,Italian Grand Prix
14,2009-09-27,Singapore Grand Prix
15,2009-10-04,Japanese Grand Prix
16,2009-10-18,Brazilian Grand Prix
17,2009-11-01,Abu Dhabi Grand Prix
18,2008-03-16,Australian Grand Prix
19,2008-03-23,Malaysian Grand Prix
20,2008-04-06,Bahrain Grand Prix
21,2008-04-27,Spanish Grand Prix
22,2008-05-11,Turkish Grand Prix
23,2008-05-25,Monaco Grand Prix
24,2008-06-08,Canadian Grand Prix
25,2008-06-22,French Grand Prix
26,2008-07-06,British Grand Prix
27,2008-07-20,German Grand Prix
28,2008-08-03,Hungarian Grand Prix
29,2008-08-24,European Grand Prix
30,2008-09-07,Belgian Grand Prix
31,2008-09-14,Italian Grand Prix
32,2008-09-28,Singapore Grand Prix
33,2008-10-12,Japanese Grand Prix
34,2008-10-19,Chinese Grand Prix
35,2008-11-02,Brazilian Grand Prix
36,2007-03-18,Australian Grand Prix
37,2007-04-08,Malaysian Grand Prix
38,2007-04-15,Bahrain Grand Prix
39,2007-05-13,Spanish Grand Prix
40,2007-05-27,Monaco Grand Prix
41,2007-06-10,Canadian Grand Prix
42,2007-06-17,United States Grand Prix
43,2007-07-01,French Grand Prix
44,2007-07-08,British Grand Prix
45,2007-07-22,European Grand Prix
46,2007-08-05,Hungarian Grand Prix
47,2007-08-26,Turkish Grand Prix
48,2007-09-09,Italian Grand Prix
49,2007-09-16,Belgian Grand Prix
50,2007-09-30,Japanese Grand Prix
51,2007-10-07,Chinese Grand Prix
52,2007-10-21,Brazilian Grand Prix
53,2006-03-12,Bahrain Grand Prix
54,2006-03-19,Malaysian Grand Prix
55,2006-04-02,Australian Grand Prix
56,2006-04-23,San Marino Grand Prix
57,2006-05-07,European Grand Prix
58,2006-05-14,Spanish Grand Prix
59,2006-05-28,Monaco Grand Prix
60,2006-06-11,British Grand Prix
61,2006-06-25,Canadian Grand Prix
62,2006-07-02,United States Grand Prix
63,2006-07-16,French Grand Prix
64,2006-07-30,German Grand Prix
65,2006-08-06,Hungarian Grand Prix
66,2006-08-27,Turkish Grand Prix
67,2006-09-10,Italian Grand Prix
68,2006-10-01,Chinese Grand Prix
69,2006-10-08,Japanese Grand Prix
70,2006-10-22,Brazilian Grand Prix
71,2005-03-06,Australian Grand Prix
72,2005-03-20,Malaysian Grand Prix
73,2005-04-03,Bahrain Grand Prix
74,2005-04-24,San Marino Grand Prix
75,2005-05-08,Spanish Grand Prix
76,2005-05-22,Monaco Grand Prix
77,2005-05-29,European Grand Prix
78,2005-06-12,Canadian Grand Prix
79,2005-06-19,United States Grand Prix
80,2005-07-03,French Grand Prix
81,2005-07-10,British Grand Prix
82,2005-07-24,German Grand Prix
83,2005-07-31,Hungarian Grand Prix
84,2005-08-21,Turkish Grand Prix
85,2005-09-04,Italian Grand Prix
86,2005-09-11,Belgian Grand Prix
87,2005-09-25,Brazilian Grand Prix
88,2005-10-09,Japanese Grand Prix
89,2005-10-16,Chinese Grand Prix
90,2004-03-07,Australian Grand Prix
91,2004-03-21,Malaysian Grand Prix
92,2004-04-04,Bahrain Grand Prix
93,2004-04-25,San Marino Grand Prix
94,2004-05-09,Spanish Grand Prix
95,2004-05-23,Monaco Grand Prix
96,2004-05-30,European Grand Prix
97,2004-06-13,Canadian Grand Prix
98,2004-06-20,United States Grand Prix
99,2004-07-04,French Grand Prix
100,2004-07-11,British Grand Prix
101,2004-07-25,German Grand Prix
102,2004-08-15,Hungarian Grand Prix
103,2004-08-29,Belgian Grand Prix
104,2004-09-12,Italian Grand Prix
105,2004-09-26,Chinese Grand Prix
106,2004-10-10,Japanese Grand Prix
107,2004-10-24,Brazilian Grand Prix
108,2003-03-09,Australian Grand Prix
109,2003-03-23,Malaysian Grand Prix
110,2003-04-06,Brazilian Grand Prix
111,2003-04-20,San Marino Grand Prix
112,2003-05-04,Spanish Grand Prix
113,2003-05-18,Austrian Grand Prix
114,2003-06-01,Monaco Grand Prix
115,2003-06-15,Canadian Grand Prix
116,2003-06-29,European Grand Prix
117,2003-07-06,French Grand Prix
118,2003-07-20,British Grand Prix
119,2003-08-03,German Grand Prix
120,2003-08-24,Hungarian Grand Prix
121,2003-09-14,Italian Grand Prix
122,2003-09-28,United States Grand Prix
123,2003-10-12,Japanese Grand Prix
124,2002-03-03,Australian Grand Prix
125,2002-03-17,Malaysian Grand Prix
126,2002-03-31,Brazilian Grand Prix
127,2002-04-14,San Marino Grand Prix
128,2002-04-28,Spanish Grand Prix
129,2002-05-12,Austrian Grand Prix
130,2002-05-26,Monaco Grand Prix
131,2002-06-09,Canadian Grand Prix
132,2002-06-23,European Grand Prix
133,2002-07-07,British Grand Prix
134,2002-07-21,French Grand Prix
135,2002-07-28,German Grand Prix
136,2002-08-18,Hungarian Grand Prix
137,2002-09-01,Belgian Grand Prix
138,2002-09-15,Italian Grand Prix
139,2002-09-29,United States Grand Prix
140,2002-10-13,Japanese Grand Prix
141,2001-03-04,Australian Grand Prix
142,2001-03-18,Malaysian Grand Prix
143,2001-04-01,Brazilian Grand Prix
144,2001-04-15,San Marino Grand Prix
145,2001-04-29,Spanish Grand Prix
146,2001-05-13,Austrian Grand Prix
147,2001-05-27,Monaco Grand Prix
148,2001-06-10,Canadian Grand Prix
149,2001-06-24,European Grand Prix
150,2001-07-01,French Grand Prix
151,2001-07-15,British Grand Prix
152,2001-07-29,German Grand Prix
153,2001-08-19,Hungarian Grand Prix
154,2001-09-02,Belgian Grand Prix
155,2001-09-16,Italian Grand Prix
156,2001-09-30,United States Grand Prix
157,2001-10-14,Japanese Grand Prix
158,2000-03-12,Australian Grand Prix
159,2000-03-26,Brazilian Grand Prix
160,2000-04-09,San Marino Grand Prix
161,2000-04-23,British Grand Prix
162,2000-05-07,Spanish Grand Prix
163,2000-05-21,European Grand Prix
164,2000-06-04,Monaco Grand Prix
165,2000-06-18,Canadian Grand Prix
166,2000-07-02,French Grand Prix
167,2000-07-16,Austrian Grand Prix
168,2000-07-30,German Grand Prix
169,2000-08-13,Hungarian Grand Prix
170,2000-08-27,Belgian Grand Prix
171,2000-09-10,Italian Grand Prix
172,2000-09-24,United States Grand Prix
173,2000-10-08,Japanese Grand Prix
174,2000-10-22,Malaysian Grand Prix
175,1999-03-07,Australian Grand Prix
176,1999-04-11,Brazilian Grand Prix
177,1999-05-02,San Marino Grand Prix
178,1999-05-16,Monaco Grand Prix
179,1999-05-30,Spanish Grand Prix
180,1999-06-13,Canadian Grand Prix
181,1999-06-27,French Grand Prix
182,1999-07-11,British Grand Prix
183,1999-07-25,Austrian Grand Prix
184,1999-08-01,German Grand Prix
185,1999-08-15,Hungarian Grand Prix
186,1999-08-29,Belgian Grand Prix
187,1999-09-12,Italian Grand Prix
188,1999-09-26,European Grand Prix
189,1999-10-17,Malaysian Grand Prix
190,1999-10-31,Japanese Grand Prix
191,1998-03-08,Australian Grand Prix
192,1998-03-29,Brazilian Grand Prix
193,1998-04-12,Argentine Grand Prix
194,1998-04-26,San Marino Grand Prix
195,1998-05-10,Spanish Grand Prix
196,1998-05-24,Monaco Grand Prix
197,1998-06-07,Canadian Grand Prix
198,1998-06-28,French Grand Prix
199,1998-07-12,British Grand Prix
200,1998-07-26,Austrian Grand Prix
201,1998-08-02,German Grand Prix
202,1998-08-16,Hungarian Grand Prix
203,1998-08-30,Belgian Grand Prix
204,1998-09-13,Italian Grand Prix
205,1998-09-27,Luxembourg Grand Prix
206,1998-11-01,Japanese Grand Prix
207,1997-03-09,Australian Grand Prix
208,1997-03-30,Brazilian Grand Prix
209,1997-04-13,Argentine Grand Prix
210,1997-04-27,San Marino Grand Prix
211,1997-05-11,Monaco Grand Prix
212,1997-05-25,Spanish Grand Prix
213,1997-06-15,Canadian Grand Prix
214,1997-06-29,French Grand Prix
215,1997-07-13,British Grand Prix
216,1997-07-27,German Grand Prix
217,1997-08-10,Hungarian Grand Prix
218,1997-08-24,Belgian Grand Prix
219,1997-09-07,Italian Grand Prix
220,1997-09-21,Austrian Grand Prix
221,1997-09-28,Luxembourg Grand Prix
222,1997-10-12,Japanese Grand Prix
223,1997-10-26,European Grand Prix
224,1996-03-10,Australian Grand Prix
225,1996-03-31,Brazilian Grand Prix
226,1996-04-07,Argentine Grand Prix
227,1996-04-28,European Grand Prix
228,1996-05-05,San Marino Grand Prix
229,1996-05-19,Monaco Grand Prix
230,1996-06-02,Spanish Grand Prix
231,1996-06-16,Canadian Grand Prix
232,1996-06-30,French Grand Prix
233,1996-07-14,British Grand Prix
234,1996-07-28,German Grand Prix
235,1996-08-11,Hungarian Grand Prix
236,1996-08-25,Belgian Grand Prix
237,1996-09-08,Italian Grand Prix
238,1996-09-22,Portuguese Grand Prix
239,1996-10-13,Japanese Grand Prix
240,1995-03-26,Brazilian Grand Prix
241,1995-04-09,Argentine Grand Prix
242,1995-04-30,San Marino Grand Prix
243,1995-05-14,Spanish Grand Prix
244,1995-05-28,Monaco Grand Prix
245,1995-06-11,Canadian Grand Prix
246,1995-07-02,French Grand Prix
247,1995-07-16,British Grand Prix
248,1995-07-30,German Grand Prix
249,1995-08-13,Hungarian Grand Prix
250,1995-08-27,Belgian Grand Prix
251,1995-09-10,Italian Grand Prix
252,1995-09-24,Portuguese Grand Prix
253,1995-10-01,European Grand Prix
254,1995-10-22,Pacific Grand Prix
255,1995-10-29,Japanese Grand Prix
256,1995-11-12,Australian Grand Prix
257,1994-03-27,Brazilian Grand Prix
258,1994-04-17,Pacific Grand Prix
259,1994-05-01,San Marino Grand Prix
260,1994-05-15,Monaco Grand Prix
261,1994-05-29,Spanish Grand Prix
262,1994-06-12,Canadian Grand Prix
263,1994-07-03,French Grand Prix
264,1994-07-10,British Grand Prix
265,1994-07-31,German Grand Prix
266,1994-08-14,Hungarian Grand Prix
267,1994-08-28,Belgian Grand Prix
268,1994-09-11,Italian Grand Prix
269,1994-09-25,Portuguese Grand Prix
270,1994-10-16,European Grand Prix
271,1994-11-06,Japanese Grand Prix
272,1994-11-13,Australian Grand Prix
273,1993-03-14,South African Grand Prix
274,1993-03-28,Brazilian Grand Prix
275,1993-04-11,European Grand Prix
276,1993-04-25,San Marino Grand Prix
277,1993-05-09,Spanish Grand Prix
278,1993-05-23,Monaco Grand Prix
279,1993-06-13,Canadian Grand Prix
280,1993-07-04,French Grand Prix
281,1993-07-11,British Grand Prix
282,1993-07-25,German Grand Prix
283,1993-08-15,Hungarian Grand Prix
284,1993-08-29,Belgian Grand Prix
285,1993-09-12,Italian Grand Prix
286,1993-09-26,Portuguese Grand Prix
287,1993-10-24,Japanese Grand Prix
288,1993-11-07,Australian Grand Prix
289,1992-03-01,South African Grand Prix
290,1992-03-22,Mexican Grand Prix
291,1992-04-05,Brazilian Grand Prix
292,1992-05-03,Spanish Grand Prix
293,1992-05-17,San Marino Grand Prix
294,1992-05-31,Monaco Grand Prix
295,1992-06-14,Canadian Grand Prix
296,1992-07-05,French Grand Prix
297,1992-07-12,British Grand Prix
298,1992-07-26,German Grand Prix
299,1992-08-16,Hungarian Grand Prix
300,1992-08-30,Belgian Grand Prix
301,1992-09-13,Italian Grand Prix
302,1992-09-27,Portuguese Grand Prix
303,1992-10-25,Japanese Grand Prix
304,1992-11-08,Australian Grand Prix
305,1991-03-10,United States Grand Prix
306,1991-03-24,Brazilian Grand Prix
307,1991-04-28,San Marino Grand Prix
308,1991-05-12,Monaco Grand Prix
309,1991-06-02,Canadian Grand Prix
310,1991-06-16,Mexican Grand Prix
311,1991-07-07,French Grand Prix
312,1991-07-14,British Grand Prix
313,1991-07-28,German Grand Prix
314,1991-08-11,Hungarian Grand Prix
315,1991-08-25,Belgian Grand Prix
316,1991-09-08,Italian Grand Prix
317,1991-09-22,Portuguese Grand Prix
318,1991-09-29,Spanish Grand Prix
319,1991-10-20,Japanese Grand Prix
320,1991-11-03,Australian Grand Prix
321,1990-03-11,United States Grand Prix
322,1990-03-25,Brazilian Grand Prix
323,1990-05-13,San Marino Grand Prix
324,1990-05-27,Monaco Grand Prix
325,1990-06-10,Canadian Grand Prix
326,1990-06-24,Mexican Grand Prix
327,1990-07-08,French Grand Prix
328,1990-07-15,British Grand Prix
329,1990-07-29,German Grand Prix
330,1990-08-12,Hungarian Grand Prix
331,1990-08-26,Belgian Grand Prix
332,1990-09-09,Italian Grand Prix
333,1990-09-23,Portuguese Grand Prix
334,1990-09-30,Spanish Grand Prix
335,1990-10-21,Japanese Grand Prix
336,1990-11-04,Australian Grand Prix
337,2010-03-14,Bahrain Grand Prix
338,2010-03-28,Australian Grand Prix
339,2010-04-04,Malaysian Grand Prix
340,2010-04-18,Chinese Grand Prix
341,2010-05-09,Spanish Grand Prix
342,2010-05-16,Monaco Grand Prix
343,2010-05-30,Turkish Grand Prix
344,2010-06-13,Canadian Grand Prix
345,2010-06-27,European Grand Prix
346,2010-07-11,British Grand Prix
347,2010-07-25,German Grand Prix
348,2010-08-01,Hungarian Grand Prix
349,2010-08-29,Belgian Grand Prix
350,2010-09-12,Italian Grand Prix
351,2010-09-26,Singapore Grand Prix
352,2010-10-10,Japanese Grand Prix
353,2010-10-24,Korean Grand Prix
354,2010-11-07,Brazilian Grand Prix
355,2010-11-14,Abu Dhabi Grand Prix
356,1989-03-26,Brazilian Grand Prix
357,1989-04-23,San Marino Grand Prix
358,1989-05-07,Monaco Grand Prix
359,1989-05-28,Mexican Grand Prix
360,1989-06-04,United States Grand Prix
361,1989-06-18,Canadian Grand Prix
362,1989-07-09,French Grand Prix
363,1989-07-16,British Grand Prix
364,1989-07-30,German Grand Prix
365,1989-08-13,Hungarian Grand Prix
366,1989-08-27,Belgian Grand Prix
367,1989-09-10,Italian Grand Prix
368,1989-09-24,Portuguese Grand Prix
369,1989-10-01,Spanish Grand Prix
370,1989-10-22,Japanese Grand Prix
371,1989-11-05,Australian Grand Prix
372,1988-04-03,Brazilian Grand Prix
373,1988-05-01,San Marino Grand Prix
374,1988-05-15,Monaco Grand Prix
375,1988-05-29,Mexican Grand Prix
376,1988-06-12,Canadian Grand Prix
377,1988-06-19,Detroit Grand Prix
378,1988-07-03,French Grand Prix
379,1988-07-10,British Grand Prix
380,1988-07-24,German Grand Prix
381,1988-08-07,Hungarian Grand Prix
382,1988-08-28,Belgian Grand Prix
383,1988-09-11,Italian Grand Prix
384,1988-09-25,Portuguese Grand Prix
385,1988-10-02,Spanish Grand Prix
386,1988-10-30,Japanese Grand Prix
387,1988-11-13,Australian Grand Prix
388,1987-04-12,Brazilian Grand Prix
389,1987-05-03,San Marino Grand Prix
390,1987-05-17,Belgian Grand Prix
391,1987-05-31,Monaco Grand Prix
392,1987-06-21,Detroit Grand Prix
393,1987-07-05,French Grand Prix
394,1987-07-12,British Grand Prix
395,1987-07-26,German Grand Prix
396,1987-08-09,Hungarian Grand Prix
397,1987-08-16,Austrian Grand Prix
398,1987-09-06,Italian Grand Prix
399,1987-09-20,Portuguese Grand Prix
400,1987-09-27,Spanish Grand Prix
401,1987-10-18,Mexican Grand Prix
402,1987-11-01,Japanese Grand Prix
403,1987-11-15,Australian Grand Prix
404,1986-03-23,Brazilian Grand Prix
405,1986-04-13,Spanish Grand Prix
406,1986-04-27,San Marino Grand Prix
407,1986-05-11,Monaco Grand Prix
408,1986-05-25,Belgian Grand Prix
409,1986-06-15,Canadian Grand Prix
410,1986-06-22,Detroit Grand Prix
411,1986-07-06,French Grand Prix
412,1986-07-13,British Grand Prix
413,1986-07-27,German Grand Prix
414,1986-08-10,Hungarian Grand Prix
415,1986-08-17,Austrian Grand Prix
416,1986-09-07,Italian Grand Prix
417,1986-09-21,Portuguese Grand Prix
418,1986-10-12,Mexican Grand Prix
419,1986-10-26,Australian Grand Prix
420,1985-04-07,Brazilian Grand Prix
421,1985-04-21,Portuguese Grand Prix
422,1985-05-05,San Marino Grand Prix
423,1985-05-19,Monaco Grand Prix
424,1985-06-16,Canadian Grand Prix
425,1985-06-23,Detroit Grand Prix
426,1985-07-07,French Grand Prix
427,1985-07-21,British Grand Prix
428,1985-08-04,German Grand Prix
429,1985-08-18,Austrian Grand Prix
430,1985-08-25,Dutch Grand Prix
431,1985-09-08,Italian Grand Prix
432,1985-09-15,Belgian Grand Prix
433,1985-10-06,European Grand Prix
434,1985-10-19,South African Grand Prix
435,1985-11-03,Australian Grand Prix
436,1984-03-25,Brazilian Grand Prix
437,1984-04-07,South African Grand Prix
438,1984-04-29,Belgian Grand Prix
439,1984-05-06,San Marino Grand Prix
440,1984-05-20,French Grand Prix
441,1984-06-03,Monaco Grand Prix
442,1984-06-17,Canadian Grand Prix
443,1984-06-24,Detroit Grand Prix
444,1984-07-08,Dallas Grand Prix
445,1984-07-22,British Grand Prix
446,1984-08-05,German Grand Prix
447,1984-08-19,Austrian Grand Prix
448,1984-08-26,Dutch Grand Prix
449,1984-09-09,Italian Grand Prix
450,1984-10-07,European Grand Prix
451,1984-10-21,Portuguese Grand Prix
452,1983-03-13,Brazilian Grand Prix
453,1983-03-27,United States Grand Prix West
454,1983-04-17,French Grand Prix
455,1983-05-01,San Marino Grand Prix
456,1983-05-15,Monaco Grand Prix
457,1983-05-22,Belgian Grand Prix
458,1983-06-05,Detroit Grand Prix
459,1983-06-12,Canadian Grand Prix
460,1983-07-16,British Grand Prix
461,1983-08-07,German Grand Prix
462,1983-08-14,Austrian Grand Prix
463,1983-08-28,Dutch Grand Prix
464,1983-09-11,Italian Grand Prix
465,1983-09-25,European Grand Prix
466,1983-10-15,South African Grand Prix
467,1982-01-23,South African Grand Prix
468,1982-03-21,Brazilian Grand Prix
469,1982-04-04,United States Grand Prix West
470,1982-04-25,San Marino Grand Prix
471,1982-05-09,Belgian Grand Prix
472,1982-05-23,Monaco Grand Prix
473,1982-06-06,Detroit Grand Prix
474,1982-06-13,Canadian Grand Prix
475,1982-07-03,Dutch Grand Prix
476,1982-07-18,British Grand Prix
477,1982-07-25,French Grand Prix
478,1982-08-08,German Grand Prix
479,1982-08-15,Austrian Grand Prix
480,1982-08-29,Swiss Grand Prix
481,1982-09-12,Italian Grand Prix
482,1982-09-25,Caesars Palace Grand Prix
483,1981-03-15,United States Grand Prix West
484,1981-03-29,Brazilian Grand Prix
485,1981-04-12,Argentine Grand Prix
486,1981-05-03,San Marino Grand Prix
487,1981-05-17,Belgian Grand Prix
488,1981-05-31,Monaco Grand Prix
489,1981-06-21,Spanish Grand Prix
490,1981-07-05,French Grand Prix
491,1981-07-18,British Grand Prix
492,1981-08-02,German Grand Prix
493,1981-08-16,Austrian Grand Prix
494,1981-08-30,Dutch Grand Prix
495,1981-09-13,Italian Grand Prix
496,1981-09-27,Canadian Grand Prix
497,1981-10-17,Caesars Palace Grand Prix
498,1980-01-13,Argentine Grand Prix
499,1980-01-27,Brazilian Grand Prix
500,1980-03-01,South African Grand Prix
501,1980-03-30,United States Grand Prix West
502,1980-05-04,Belgian Grand Prix
503,1980-05-18,Monaco Grand Prix
504,1980-06-29,French Grand Prix
505,1980-07-13,British Grand Prix
506,1980-08-10,German Grand Prix
507,1980-08-17,Austrian Grand Prix
508,1980-08-31,Dutch Grand Prix
509,1980-09-14,Italian Grand Prix
510,1980-09-28,Canadian Grand Prix
511,1980-10-05,United States Grand Prix
512,1979-01-21,Argentine Grand Prix
513,1979-02-04,Brazilian Grand Prix
514,1979-03-03,South African Grand Prix
515,1979-04-08,United States Grand Prix West
516,1979-04-29,Spanish Grand Prix
517,1979-05-13,Belgian Grand Prix
518,1979-05-27,Monaco Grand Prix
519,1979-07-01,French Grand Prix
520,1979-07-14,British Grand Prix
521,1979-07-29,German Grand Prix
522,1979-08-12,Austrian Grand Prix
523,1979-08-26,Dutch Grand Prix
524,1979-09-09,Italian Grand Prix
525,1979-09-30,Canadian Grand Prix
526,1979-10-07,United States Grand Prix
527,1978-01-15,Argentine Grand Prix
528,1978-01-29,Brazilian Grand Prix
529,1978-03-04,South African Grand Prix
530,1978-04-02,United States Grand Prix West
531,1978-05-07,Monaco Grand Prix
532,1978-05-21,Belgian Grand Prix
533,1978-06-04,Spanish Grand Prix
534,1978-06-17,Swedish Grand Prix
535,1978-07-02,French Grand Prix
536,1978-07-16,British Grand Prix
537,1978-07-30,German Grand Prix
538,1978-08-13,Austrian Grand Prix
539,1978-08-27,Dutch Grand Prix
540,1978-09-10,Italian Grand Prix
541,1978-10-01,United States Grand Prix
542,1978-10-08,Canadian Grand Prix
543,1977-01-09,Argentine Grand Prix
544,1977-01-23,Brazilian Grand Prix
545,1977-03-05,South African Grand Prix
546,1977-04-03,United States Grand Prix West
547,1977-05-08,Spanish Grand Prix
548,1977-05-22,Monaco Grand Prix
549,1977-06-05,Belgian Grand Prix
550,1977-06-19,Swedish Grand Prix
551,1977-07-03,French Grand Prix
552,1977-07-16,British Grand Prix
553,1977-07-31,German Grand Prix
554,1977-08-14,Austrian Grand Prix
555,1977-08-28,Dutch Grand Prix
556,1977-09-11,Italian Grand Prix
557,1977-10-02,United States Grand Prix
558,1977-10-09,Canadian Grand Prix
559,1977-10-23,Japanese Grand Prix
560,1976-01-25,Brazilian Grand Prix
561,1976-03-06,South African Grand Prix
562,1976-03-28,United States Grand Prix West
563,1976-05-02,Spanish Grand Prix
564,1976-05-16,Belgian Grand Prix
565,1976-05-30,Monaco Grand Prix
566,1976-06-13,Swedish Grand Prix
567,1976-07-04,French Grand Prix
568,1976-07-18,British Grand Prix
569,1976-08-01,German Grand Prix
570,1976-08-15,Austrian Grand Prix
571,1976-08-29,Dutch Grand Prix
572,1976-09-12,Italian Grand Prix
573,1976-10-03,Canadian Grand Prix
574,1976-10-10,United States Grand Prix
575,1976-10-24,Japanese Grand Prix
576,1975-01-12,Argentine Grand Prix
577,1975-01-26,Brazilian Grand Prix
578,1975-03-01,South African Grand Prix
579,1975-04-27,Spanish Grand Prix
580,1975-05-11,Monaco Grand Prix
581,1975-05-25,Belgian Grand Prix
582,1975-06-08,Swedish Grand Prix
583,1975-06-22,Dutch Grand Prix
584,1975-07-06,French Grand Prix
585,1975-07-19,British Grand Prix
586,1975-08-03,German Grand Prix
587,1975-08-17,Austrian Grand Prix
588,1975-09-07,Italian Grand Prix
589,1975-10-05,United States Grand Prix
590,1974-01-13,Argentine Grand Prix
591,1974-01-27,Brazilian Grand Prix
592,1974-03-30,South African Grand Prix
593,1974-04-28,Spanish Grand Prix
594,1974-05-12,Belgian Grand Prix
595,1974-05-26,Monaco Grand Prix
596,1974-06-09,Swedish Grand Prix
597,1974-06-23,Dutch Grand Prix
598,1974-07-07,French Grand Prix
599,1974-07-20,British Grand Prix
600,1974-08-04,German Grand Prix
601,1974-08-18,Austrian Grand Prix
602,1974-09-08,Italian Grand Prix
603,1974-09-22,Canadian Grand Prix
604,1974-10-06,United States Grand Prix
605,1973-01-28,Argentine Grand Prix
606,1973-02-11,Brazilian Grand Prix
607,1973-03-03,South African Grand Prix
608,1973-04-29,Spanish Grand Prix
609,1973-05-20,Belgian Grand Prix
610,1973-06-03,Monaco Grand Prix
611,1973-06-17,Swedish Grand Prix
612,1973-07-01,French Grand Prix
613,1973-07-14,British Grand Prix
614,1973-07-29,Dutch Grand Prix
615,1973-08-05,German Grand Prix
616,1973-08-19,Austrian Grand Prix
617,1973-09-09,Italian Grand Prix
618,1973-09-23,Canadian Grand Prix
619,1973-10-07,United States Grand Prix
620,1972-01-23,Argentine Grand Prix
621,1972-03-04,South African Grand Prix
622,1972-05-01,Spanish Grand Prix
623,1972-05-14,Monaco Grand Prix
624,1972-06-04,Belgian Grand Prix
625,1972-07-02,French Grand Prix
626,1972-07-15,British Grand Prix
627,1972-07-30,German Grand Prix
628,1972-08-13,Austrian Grand Prix
629,1972-09-10,Italian Grand Prix
630,1972-09-24,Canadian Grand Prix
631,1972-10-08,United States Grand Prix
632,1971-03-06,South African Grand Prix
633,1971-04-18,Spanish Grand Prix
634,1971-05-23,Monaco Grand Prix
635,1971-06-20,Dutch Grand Prix
636,1971-07-04,French Grand Prix
637,1971-07-17,British Grand Prix
638,1971-08-01,German Grand Prix
639,1971-08-15,Austrian Grand Prix
640,1971-09-05,Italian Grand Prix
641,1971-09-19,Canadian Grand Prix
642,1971-10-03,United States Grand Prix
643,1970-03-07,South African Grand Prix
644,1970-04-19,Spanish Grand Prix
645,1970-05-10,Monaco Grand Prix
646,1970-06-07,Belgian Grand Prix
647,1970-06-21,Dutch Grand Prix
648,1970-07-05,French Grand Prix
649,1970-07-18,British Grand Prix
650,1970-08-02,German Grand Prix
651,1970-08-16,Austrian Grand Prix
652,1970-09-06,Italian Grand Prix
653,1970-09-20,Canadian Grand Prix
654,1970-10-04,United States Grand Prix
655,1970-10-25,Mexican Grand Prix
656,1969-03-01,South African Grand Prix
657,1969-05-04,Spanish Grand Prix
658,1969-05-18,Monaco Grand Prix
659,1969-06-21,Dutch Grand Prix
660,1969-07-06,French Grand Prix
661,1969-07-19,British Grand Prix
662,1969-08-03,German Grand Prix
663,1969-09-07,Italian Grand Prix
664,1969-09-20,Canadian Grand Prix
665,1969-10-05,United States Grand Prix
666,1969-10-19,Mexican Grand Prix
667,1968-01-01,South African Grand Prix
668,1968-05-12,Spanish Grand Prix
669,1968-05-26,Monaco Grand Prix
670,1968-06-09,Belgian Grand Prix
671,1968-06-23,Dutch Grand Prix
672,1968-07-07,French Grand Prix
673,1968-07-20,British Grand Prix
674,1968-08-04,German Grand Prix
675,1968-09-08,Italian Grand Prix
676,1968-09-22,Canadian Grand Prix
677,1968-10-06,United States Grand Prix
678,1968-11-03,Mexican Grand Prix
679,1967-01-02,South African Grand Prix
680,1967-05-07,Monaco Grand Prix
681,1967-06-04,Dutch Grand Prix
682,1967-06-18,Belgian Grand Prix
683,1967-07-02,French Grand Prix
684,1967-07-15,British Grand Prix
685,1967-08-06,German Grand Prix
686,1967-08-27,Canadian Grand Prix
687,1967-09-10,Italian Grand Prix
688,1967-10-01,United States Grand Prix
689,1967-10-22,Mexican Grand Prix
690,1966-05-22,Monaco Grand Prix
691,1966-06-12,Belgian Grand Prix
692,1966-07-03,French Grand Prix
693,1966-07-16,British Grand Prix
694,1966-07-24,Dutch Grand Prix
695,1966-08-07,German Grand Prix
696,1966-09-04,Italian Grand Prix
697,1966-10-02,United States Grand Prix
698,1966-10-23,Mexican Grand Prix
699,1965-01-01,South African Grand Prix
700,1965-05-30,Monaco Grand Prix
701,1965-06-13,Belgian Grand Prix
702,1965-06-27,French Grand Prix
703,1965-07-10,British Grand Prix
704,1965-07-18,Dutch Grand Prix
705,1965-08-01,German Grand Prix
706,1965-09-12,Italian Grand Prix
707,1965-10-03,United States Grand Prix
708,1965-10-24,Mexican Grand Prix
709,1964-05-10,Monaco Grand Prix
710,1964-05-24,Dutch Grand Prix
711,1964-06-14,Belgian Grand Prix
712,1964-06-28,French Grand Prix
713,1964-07-11,British Grand Prix
714,1964-08-02,German Grand Prix
715,1964-08-23,Austrian Grand Prix
716,1964-09-06,Italian Grand Prix
717,1964-10-04,United States Grand Prix
718,1964-10-25,Mexican Grand Prix
719,1963-05-26,Monaco Grand Prix
720,1963-06-09,Belgian Grand Prix
721,1963-06-23,Dutch Grand Prix
722,1963-06-30,French Grand Prix
723,1963-07-20,British Grand Prix
724,1963-08-04,German Grand Prix
725,1963-09-08,Italian Grand Prix
726,1963-10-06,United States Grand Prix
727,1963-10-27,Mexican Grand Prix
728,1963-12-28,South African Grand Prix
729,1962-05-20,Dutch Grand Prix
730,1962-06-03,Monaco Grand Prix
731,1962-06-17,Belgian Grand Prix
732,1962-07-08,French Grand Prix
733,1962-07-21,British Grand Prix
734,1962-08-05,German Grand Prix
735,1962-09-16,Italian Grand Prix
736,1962-10-07,United States Grand Prix
737,1962-12-29,South African Grand Prix
738,1961-05-14,Monaco Grand Prix
739,1961-05-22,Dutch Grand Prix
740,1961-06-18,Belgian Grand Prix
741,1961-07-02,French Grand Prix
742,1961-07-15,British Grand Prix
743,1961-08-06,German Grand Prix
744,1961-09-10,Italian Grand Prix
745,1961-10-08,United States Grand Prix
746,1960-02-07,Argentine Grand Prix
747,1960-05-29,Monaco Grand Prix
748,1960-05-30,Indianapolis 500
749,1960-06-06,Dutch Grand Prix
750,1960-06-19,Belgian Grand Prix
751,1960-07-03,French Grand Prix
752,1960-07-16,British Grand Prix
753,1960-08-14,Portuguese Grand Prix
754,1960-09-04,Italian Grand Prix
755,1960-11-20,United States Grand Prix
756,1959-05-10,Monaco Grand Prix
757,1959-05-30,Indianapolis 500
758,1959-05-31,Dutch Grand Prix
759,1959-07-05,French Grand Prix
760,1959-07-18,British Grand Prix
761,1959-08-02,German Grand Prix
762,1959-08-23,Portuguese Grand Prix
763,1959-09-13,Italian Grand Prix
764,1959-12-12,United States Grand Prix
765,1958-01-19,Argentine Grand Prix
766,1958-05-18,Monaco Grand Prix
767,1958-05-26,Dutch Grand Prix
768,1958-05-30,Indianapolis 500
769,1958-06-15,Belgian Grand Prix
770,1958-07-06,French Grand Prix
771,1958-07-19,British Grand Prix
772,1958-08-03,German Grand Prix
773,1958-08-24,Portuguese Grand Prix
774,1958-09-07,Italian Grand Prix
775,1958-10-19,Moroccan Grand Prix
776,1957-01-13,Argentine Grand Prix
777,1957-05-19,Monaco Grand Prix
778,1957-05-30,Indianapolis 500
779,1957-07-07,French Grand Prix
780,1957-07-20,British Grand Prix
781,1957-08-04,German Grand Prix
782,1957-08-18,Pescara Grand Prix
783,1957-09-08,Italian Grand Prix
784,1956-01-22,Argentine Grand Prix
785,1956-05-13,Monaco Grand Prix
786,1956-05-30,Indianapolis 500
787,1956-06-03,Belgian Grand Prix
788,1956-07-01,French Grand Prix
789,1956-07-14,British Grand Prix
790,1956-08-05,German Grand Prix
791,1956-09-02,Italian Grand Prix
792,1955-01-16,Argentine Grand Prix
793,1955-05-22,Monaco Grand Prix
794,1955-05-30,Indianapolis 500
795,1955-06-05,Belgian Grand Prix
796,1955-06-19,Dutch Grand Prix
797,1955-07-16,British Grand Prix
798,1955-09-11,Italian Grand Prix
799,1954-01-17,Argentine Grand Prix
800,1954-05-31,Indianapolis 500
801,1954-06-20,Belgian Grand Prix
802,1954-07-04,French Grand Prix
803,1954-07-17,British Grand Prix
804,1954-08-01,German Grand Prix
805,1954-08-22,Swiss Grand Prix
806,1954-09-05,Italian Grand Prix
807,1954-10-24,Spanish Grand Prix
808,1953-01-18,Argentine Grand Prix
809,1953-05-30,Indianapolis 500
810,1953-06-07,Dutch Grand Prix
811,1953-06-21,Belgian Grand Prix
812,1953-07-05,French Grand Prix
813,1953-07-18,British Grand Prix
814,1953-08-02,German Grand Prix
815,1953-08-23,Swiss Grand Prix
816,1953-09-13,Italian Grand Prix
817,1952-05-18,Swiss Grand Prix
818,1952-05-30,Indianapolis 500
819,1952-06-22,Belgian Grand Prix
820,1952-07-06,French Grand Prix
821,1952-07-19,British Grand Prix
822,1952-08-03,German Grand Prix
823,1952-08-17,Dutch Grand Prix
824,1952-09-07,Italian Grand Prix
825,1951-05-27,Swiss Grand Prix
826,1951-05-30,Indianapolis 500
827,1951-06-17,Belgian Grand Prix
828,1951-07-01,French Grand Prix
829,1951-07-14,British Grand Prix
830,1951-07-29,German Grand Prix
831,1951-09-16,Italian Grand Prix
832,1951-10-28,Spanish Grand Prix
833,1950-05-13,British Grand Prix
834,1950-05-21,Monaco Grand Prix
835,1950-05-30,Indianapolis 500
836,1950-06-04,Swiss Grand Prix
837,1950-06-18,Belgian Grand Prix
838,1950-07-02,French Grand Prix
839,1950-09-03,Italian Grand Prix
841,2011-03-27,Australian Grand Prix
842,2011-04-10,Malaysian Grand Prix
843,2011-04-17,Chinese Grand Prix
844,2011-05-08,Turkish Grand Prix
845,2011-05-22,Spanish Grand Prix
846,2011-05-29,Monaco Grand Prix
847,2011-06-12,Canadian Grand Prix
848,2011-06-26,European Grand Prix
849,2011-07-10,British Grand Prix
850,2011-07-24,German Grand Prix
851,2011-07-31,Hungarian Grand Prix
852,2011-08-28,Belgian Grand Prix
853,2011-09-11,Italian Grand Prix
854,2011-09-25,Singapore Grand Prix
855,2011-10-09,Japanese Grand Prix
856,2011-10-16,Korean Grand Prix
857,2011-10-30,Indian Grand Prix
858,2011-11-13,Abu Dhabi Grand Prix
859,2011-11-27,Brazilian Grand Prix
860,2012-03-18,Australian Grand Prix
861,2012-03-25,Malaysian Grand Prix
862,2012-04-15,Chinese Grand Prix
863,2012-04-22,Bahrain Grand Prix
864,2012-05-13,Spanish Grand Prix
865,2012-05-27,Monaco Grand Prix
866,2012-06-10,Canadian Grand Prix
867,2012-06-24,European Grand Prix
868,2012-07-08,British Grand Prix
869,2012-07-22,German Grand Prix
870,2012-07-29,Hungarian Grand Prix
871,2012-09-02,Belgian Grand Prix
872,2012-09-09,Italian Grand Prix
873,2012-09-23,Singapore Grand Prix
874,2012-10-07,Japanese Grand Prix
875,2012-10-14,Korean Grand Prix
876,2012-10-28,Indian Grand Prix
877,2012-11-04,Abu Dhabi Grand Prix
878,2012-11-18,United States Grand Prix
879,2012-11-25,Brazilian Grand Prix
880,2013-03-17,Australian Grand Prix
881,2013-03-24,Malaysian Grand Prix
882,2013-04-14,Chinese Grand Prix
883,2013-04-21,Bahrain Grand Prix
884,2013-05-12,Spanish Grand Prix
885,2013-05-26,Monaco Grand Prix
886,2013-06-09,Canadian Grand Prix
887,2013-06-30,British Grand Prix
888,2013-07-07,German Grand Prix
890,2013-07-28,Hungarian Grand Prix
891,2013-08-25,Belgian Grand Prix
892,2013-09-08,Italian Grand Prix
893,2013-09-22,Singapore Grand Prix
894,2013-10-06,Korean Grand Prix
895,2013-10-13,Japanese Grand Prix
896,2013-10-27,Indian Grand Prix
897,2013-11-03,Abu Dhabi Grand Prix
898,2013-11-17,United States Grand Prix
899,2013-11-24,Brazilian Grand Prix
900,2014-03-16,Australian Grand Prix
901,2014-03-30,Malaysian Grand Prix
902,2014-04-06,Bahrain Grand Prix
903,2014-04-20,Chinese Grand Prix
904,2014-05-11,Spanish Grand Prix
905,2014-05-25,Monaco Grand Prix
906,2014-06-08,Canadian Grand Prix
907,2014-06-22,Austrian Grand Prix
908,2014-07-06,British Grand Prix
909,2014-07-20,German Grand Prix
910,2014-07-27,Hungarian Grand Prix
911,2014-08-24,Belgian Grand Prix
912,2014-09-07,Italian Grand Prix
913,2014-09-21,Singapore Grand Prix
914,2014-10-05,Japanese Grand Prix
915,2014-10-12,Russian Grand Prix
916,2014-11-02,United States Grand Prix
917,2014-11-09,Brazilian Grand Prix
918,2014-11-23,Abu Dhabi Grand Prix
931,2015-05-24,Monaco Grand Prix
932,2015-06-07,Canadian Grand Prix
929,2015-04-19,Bahrain Grand Prix
930,2015-05-10,Spanish Grand Prix
928,2015-04-12,Chinese Grand Prix
926,2015-03-15,Australian Grand Prix
927,2015-03-29,Malaysian Grand Prix
933,2015-06-21,Austrian Grand Prix
934,2015-07-05,British Grand Prix
936,2015-07-26,Hungarian Grand Prix
937,2015-08-23,Belgian Grand Prix
938,2015-09-06,Italian Grand Prix
939,2015-09-20,Singapore Grand Prix
940,2015-09-27,Japanese Grand Prix
941,2015-10-11,Russian Grand Prix
942,2015-10-25,United States Grand Prix
943,2015-11-01,Mexican Grand Prix
944,2015-11-15,Brazilian Grand Prix
945,2015-11-29,Abu Dhabi Grand Prix
948,2016-03-20,Australian Grand Prix
949,2016-04-03,Bahrain Grand Prix
950,2016-04-17,Chinese Grand Prix
951,2016-05-01,Russian Grand Prix
952,2016-05-15,Spanish Grand Prix
953,2016-05-29,Monaco Grand Prix
954,2016-06-12,Canadian Grand Prix
955,2016-06-19,European Grand Prix
956,2016-07-03,Austrian Grand Prix
957,2016-07-10,British Grand Prix
958,2016-07-24,Hungarian Grand Prix
959,2016-07-31,German Grand Prix
960,2016-08-28,Belgian Grand Prix
961,2016-09-04,Italian Grand Prix
962,2016-09-18,Singapore Grand Prix
963,2016-10-02,Malaysian Grand Prix
964,2016-10-09,Japanese Grand Prix
965,2016-10-23,United States Grand Prix
966,2016-10-30,Mexican Grand Prix
967,2016-11-13,Brazilian Grand Prix
968,2016-11-27,Abu Dhabi Grand Prix
969,2017-03-26,Australian Grand Prix
970,2017-04-09,Chinese Grand Prix
971,2017-04-16,Bahrain Grand Prix
972,2017-04-30,Russian Grand Prix
973,2017-05-14,Spanish Grand Prix
974,2017-05-28,Monaco Grand Prix
975,2017-06-11,Canadian Grand Prix
976,2017-06-25,Azerbaijan Grand Prix
977,2017-07-09,Austrian Grand Prix
978,2017-07-16,British Grand Prix
979,2017-07-30,Hungarian Grand Prix
980,2017-08-27,Belgian Grand Prix
981,2017-09-03,Italian Grand Prix
982,2017-09-17,Singapore Grand Prix
983,2017-10-01,Malaysian Grand Prix
984,2017-10-08,Japanese Grand Prix
985,2017-10-22,United States Grand Prix
986,2017-10-29,Mexican Grand Prix
987,2017-11-12,Brazilian Grand Prix
988,2017-11-26,Abu Dhabi Grand Prix
989,2018-03-25,Australian Grand Prix
990,2018-04-08,Bahrain Grand Prix
991,2018-04-15,Chinese Grand Prix
992,2018-04-29,Azerbaijan Grand Prix
993,2018-05-13,Spanish Grand Prix
994,2018-05-27,Monaco Grand Prix
995,2018-06-10,Canadian Grand Prix
996,2018-06-24,French Grand Prix
997,2018-07-01,Austrian Grand Prix
998,2018-07-08,British Grand Prix
999,2018-07-22,German Grand Prix
1000,2018-07-29,Hungarian Grand Prix
1001,2018-08-26,Belgian Grand Prix
1002,2018-09-02,Italian Grand Prix
1003,2018-09-16,Singapore Grand Prix
1004,2018-09-30,Russian Grand Prix
1005,2018-10-07,Japanese Grand Prix
1006,2018-10-21,United States Grand Prix
1007,2018-10-28,Mexican Grand Prix
1008,2018-11-11,Brazilian Grand Prix
1009,2018-11-25,Abu Dhabi Grand Prix
1010,2019-03-17,Australian Grand Prix
1011,2019-03-31,Bahrain Grand Prix
1012,2019-04-14,Chinese Grand Prix
1013,2019-04-28,Azerbaijan Grand Prix
1014,2019-05-12,Spanish Grand Prix
1015,2019-05-26,Monaco Grand Prix
1016,2019-06-09,Canadian Grand Prix
1017,2019-06-23,French Grand Prix
1018,2019-06-30,Austrian Grand Prix
1019,2019-07-14,British Grand Prix
1020,2019-07-28,German Grand Prix
1021,2019-08-04,Hungarian Grand Prix
1022,2019-09-01,Belgian Grand Prix
1023,2019-09-08,Italian Grand Prix
1024,2019-09-22,Singapore Grand Prix
1025,2019-09-29,Russian Grand Prix
1026,2019-10-13,Japanese Grand Prix
1027,2019-10-27,Mexican Grand Prix
1028,2019-11-03,United States Grand Prix
1029,2019-11-17,Brazilian Grand Prix
1030,2019-12-01,Abu Dhabi Grand Prix
1031,2020-07-05,Austrian Grand Prix
1032,2020-07-12,Styrian Grand Prix
1033,2020-07-19,Hungarian Grand Prix
1034,2020-08-02,British Grand Prix
1035,2020-08-09,70th Anniversary Grand Prix
1036,2020-08-16,Spanish Grand Prix
1037,2020-08-30,Belgian Grand Prix
1038,2020-09-06,Italian Grand Prix
1039,2020-09-13,Tuscan Grand Prix
1040,2020-09-27,Russian Grand Prix
1041,2020-10-11,Eifel Grand Prix
1042,2020-10-25,Portuguese Grand Prix
1043,2020-11-01,Emilia Romagna Grand Prix
1044,2020-11-15,Turkish Grand Prix
1045,2020-11-29,Bahrain Grand Prix
1046,2020-12-06,Sakhir Grand Prix
1047,2020-12-13,Abu Dhabi Grand Prix
1053,2021-04-18,Emilia Romagna Grand Prix
1074,2022-03-20,Bahrain Grand Prix
1052,2021-03-28,Bahrain Grand Prix
1051,2021-11-21,Qatar Grand Prix
1054,2021-05-02,Portuguese Grand Prix
1055,2021-05-09,Spanish Grand Prix
1056,2021-05-23,Monaco Grand Prix
1057,2021-06-06,Azerbaijan Grand Prix
1058,2021-06-27,Styrian Grand Prix
1059,2021-06-20,French Grand Prix
1060,2021-07-04,Austrian Grand Prix
1061,2021-07-18,British Grand Prix
1062,2021-08-01,Hungarian Grand Prix
1063,2021-08-29,Belgian Grand Prix
1064,2021-09-05,Dutch Grand Prix
1065,2021-09-12,Italian Grand Prix
1066,2021-09-26,Russian Grand Prix
1067,2021-10-10,Turkish Grand Prix
1069,2021-10-24,United States Grand Prix
1070,2021-11-07,Mexico City Grand Prix
1071,2021-11-14,São Paulo Grand Prix
1072,2021-12-05,Saudi Arabian Grand Prix
1073,2021-12-12,Abu Dhabi Grand Prix
1075,2022-03-27,Saudi Arabian Grand Prix
1076,2022-04-10,Australian Grand Prix
1077,2022-04-24,Emilia Romagna Grand Prix
1078,2022-05-08,Miami Grand Prix
1079,2022-05-22,Spanish Grand Prix
1080,2022-05-29,Monaco Grand Prix
1081,2022-06-12,Azerbaijan Grand Prix
1082,2022-06-19,Canadian Grand Prix
1083,2022-07-03,British Grand Prix
1084,2022-07-10,Austrian Grand Prix
1085,2022-07-24,French Grand Prix
1086,2022-07-31,Hungarian Grand Prix
1087,2022-08-28,Belgian Grand Prix
1088,2022-09-04,Dutch Grand Prix
1089,2022-09-11,Italian Grand Prix
1091,2022-10-02,Singapore Grand Prix
1092,2022-10-09,Japanese Grand Prix
1093,2022-10-23,United States Grand Prix
1094,2022-10-30,Mexico City Grand Prix
1095,2022-11-13,São Paulo Grand Prix
1096,2022-11-20,Abu Dhabi Grand Prix
1098,2023-03-05,Bahrain Grand Prix
1099,2023-03-19,Saudi Arabian Grand Prix
1100,2023-04-02,Australian Grand Prix
1101,2023-04-30,Azerbaijan Grand Prix
1102,2023-05-07,Miami Grand Prix
1104,2023-05-28,Monaco Grand Prix
1105,2023-06-04,Spanish Grand Prix
1106,2023-06-18,Canadian Grand Prix
1107,2023-07-02,Austrian Grand Prix
1108,2023-07-09,British Grand Prix
1109,2023-07-23,Hungarian Grand Prix
1110,2023-07-30,Belgian Grand Prix
1111,2023-08-27,Dutch Grand Prix
1112,2023-09-03,Italian Grand Prix
1113,2023-09-17,Singapore Grand Prix
1114,2023-09-24,Japanese Grand Prix
1115,2023-10-08,Qatar Grand Prix
1116,2023-10-22,United States Grand Prix
1117,2023-10-29,Mexico City Grand Prix
1118,2023-11-05,São Paulo Grand Prix
1119,2023-11-19,Las Vegas Grand Prix
1120,2023-11-26,Abu Dhabi Grand Prix
1121,2024-03-02,Bahrain Grand Prix
1122,2024-03-09,Saudi Arabian Grand Prix
1123,2024-03-24,Australian Grand Prix
1124,2024-04-07,Japanese Grand Prix
1125,2024-04-21,Chinese Grand Prix
1126,2024-05-05,Miami Grand Prix
1127,2024-05-19,Emilia Romagna Grand Prix
1128,2024-05-26,Monaco Grand Prix
1129,2024-06-09,Canadian Grand Prix
1130,2024-06-23,Spanish Grand Prix
1131,2024-06-30,Austrian Grand Prix
1132,2024-07-07,British Grand Prix
1133,2024-07-21,Hungarian Grand Prix
1134,2024-07-28,Belgian Grand Prix
1135,2024-08-25,Dutch Grand Prix
1136,2024-09-01,Italian Grand Prix
1137,2024-09-15,Azerbaijan Grand Prix
1138,2024-09-22,Singapore Grand Prix
1139,2024-10-20,United States Grand Prix
1140,2024-10-27,Mexico City Grand Prix
1141,2024-11-03,São Paulo Grand Prix
1142,2024-11-23,Las Vegas Grand Prix
1143,2024-12-01,Qatar Grand Prix
1144,2024-12-08,Abu Dhabi Grand Prix
